id,bio
E000293,"A Representative from Connecticut; born in Oak Park, Cook County, Ill., August 25, 1959; graduated from Winona High School, Winona, Minn., 1977; A.B., Harvard University, Cambridge, Mass., 1981; J.D., Yale University, New Haven, Conn., 1985; law clerk; lawyer, private practice; professor; member of the Cheshire, Conn., town council, 2005-2008; member of the Connecticut state general assembly, 2008-2010; elected as a Democrat to the One Hundred Thirteenth Congress and to the two succeeding Congresses (January 3, 2013-January 3, 2019); was not a candidate for reelection to the One Hundred Sixteenth Congress."
K000394,"A Representative from New Jersey; born in Boston, Suffolk County, Mass., July 12, 1982; graduated from Cherry Hill High School East, Cherry Hill, N.J., 2000; attended Deep Springs College, Deep Springs, Calif., 2000-2002; B.A., University of Chicago, Chicago, Ill., 2004; Rhodes Scholar, Ph.D., Oxford University, Oxford, England, 2010; staff, United States Agency for International Development, 2005; staff, United States Department of State, 2009-2013; staff, United States Department of Defense, 2013; staff, National Security Council, 2013-2016; elected as a Democrat to the One Hundred Sixteenth and to the two succeeding Congresses (January 3, 2019-present)."
T000478,"A Representative from New York; born in New Hartford, Oneida County, N.Y., February 4, 1961; graduated from New Hartford High School, New Hartford, N.Y., 1979; B.A., Colgate University, Hamilton Township, N.Y., 1983; J.D., Cincinnati University, Cincinnati, Ohio, 1987; staff, consulate general of Yugoslavia; media owner; lawyer, private practice; member of the New York state assembly, 2011-2016; unsuccessful candidate for election to the One Hundred Fourteenth Congress in 2014; elected as a Republican to the One Hundred Fifteenth Congress (January 3, 2017-January 3, 2019); unsuccessful candidate for reelection to the One Hundred Sixteenth Congress in 2018; elected as a Republican to the One Hundred Seventeenth and to the succeeding Congress (January 3, 2021-present)."
M000523,"A Representative from Georgia; born in Atlanta, Fulton County, Ga., March 17, 1955; graduated St. Joseph High School; B.A., University of Southern California, Los Angeles, Calif., 1978; attended Fletcher School of Law and Diplomacy, Medford, Mass.; diplomatic fellow, Spellman College, Atlanta, Ga., 1984; faculty member, Clark Atlanta University and Agnes Scott College; member of the Georgia state house of representatives, 1988-1992; elected as a Democrat to the One Hundred Third and to the four succeeding Congresses (January 3, 1993-January 3, 2003); unsuccessful candidate for nomination to the One Hundred Eighth Congress in 2002; elected as a Democrat to the One Hundred Ninth Congress (January 3, 2005-January 3, 2007); unsuccessful candidate for nomination to the One Hundred Tenth Congress in 2006; unsuccessful Green Party candidate for election for President of the United States in 2008."
F000479,"a Senator from Pennsylvania; born in Reading, Penn., August 15, 1969; graduated Central York High School, York, Penn., 1987; B.A., business administration, Albright College, Reading, Penn., 1991; M.B.A., University of Connecticut, 1993; M.P.P., Kennedy School of Government, Harvard University, 1999; insurance underwriter; social worker; non-profit organization founder; mayor of Braddock, Penn., 2006-2019; lieutenant governor of Pennsylvania 2019-2023; elected as a Democrat to the United States Senate in 2022 for the term ending January 3, 2029."
F000454,"A Representative from Illinois; born in Madison, Wis., October 7, 1955; B.A. University of Wisconsin, Madison, Dane County, Wis., 1975; Ph.D., Harvard University, Cambridge, Mass., 1984; physicist; senior physicist, Fermi National Accelerator Laboratory; entrepreneur; fellow, American Physical Society; elected as a Democrat to the One Hundred Tenth Congress, by special election, to fill the vacancy caused by the resignation of United States Representative John Dennis Hastert, and reelected to the succeeding Congress (March 8, 2008-January 3, 2011); unsuccessful candidate for reelection to the One Hundred Twelfth Congress in 2010; elected as a Democrat to the One Hundred Thirteenth and to the five succeeding Congresses (January 3, 2013-present)."
G000583,"A Representative from New Jersey; born in North Caldwell, Essex County, N.J., March 8, 1975; graduated from West Essex Senior High School, North Caldwell, N.J., 1993; B.A., University of Pennsylvania, Philadelphia, Pa., 1997; J.D., Harvard Law School, Cambridge, Mass., 2004; special assistant and speechwriter for President William J. Clinton, 1998-2001; staff, Wesley Clark presidential campaign, 2004; staff, John Kerry presidential campaign, 2004; business executive; senior counselor to the chairman of the Federal Communications Commission, 2010-2012; elected as a Democrat to the One Hundred Fifteenth and to the three succeeding Congresses (January 3, 2017-present)."
G000600,"a Representative from Washington; born in Harris County, Tex., June 4, 1988; B.A., Reed College, Portland, Oreg., 2013; small business owner; elected as a Democrat to the One Hundred Eighteenth Congress (January 3, 2023-present)."
F000061,"A Senator from Wisconsin; born in Janesville, Rock County, Wis., March 2, 1953; graduated, Janesville Craig High School 1971; graduated, University of Wisconsin, Madison 1975; attended Magdalen College, Oxford, England, as a Rhodes Scholar and received a graduate degree in 1977; graduated, Harvard University Law School 1979; admitted to the Wisconsin bar in 1979 and practiced law in Madison, Wisc. 1979-1985; visiting professor, Beloit College 1985; member, Wisconsin State Senate 1983-1993; elected as a Democrat to the United States Senate in 1992; reelected in 1998 and again in 2004, and served from January 3, 1993, to January 3, 2011; unsuccessful candidate for reelection in 2010."
S001216,"A Representative from Washington; born in Los Angeles, Los Angeles County, Calif., August 23, 1968; graduated from Palisades High School, Pacific Palisades, Calif., 1986; B.A., University of California, Berkeley, Calif., 1991; M.D., University of California, Davis, Calif., 1997; pediatric residency, Lucile Packard Children's Hospital at Stanford University, Palo Alto, Calif., 2000; pediatrician; elected as a Democrat to the One Hundred Sixteenth and to the two succeeding Congresses (January 3, 2019-present)."
B001302,"a Representative from Arizona; born in Tucson, Pima County, Ariz., November 7, 1958; B.A., Brigham Young University, Provo, Utah, 1982; J.D., University of Arizona, Tucson, Ariz., 1984; M.A., Arizona State University, Tempe, Ariz, 1999; lawyer, private practice; member of the Arizona state house of representatives, 2003-2011; member of the Arizona state senate, 2011-2016, majority leader, 2011-2012, president, 2013-2016; elected as a Republican to the One Hundred Fifteenth and to the three succeeding Congresses (January 3, 2017-present)."
T000462,"A Representative from Ohio; born in Columbus, Franklin County, Ohio, October 21, 1962; graduated from Northland High School, Columbus, Ohio, 1981; B.A., Ohio State University, Columbus, Ohio, 1985; member of the Ohio state house of representatives, 1992-2001; elected as a Republican to the One Hundred Seventh and to the eight succeeding Congresses until his resignation on January 15, 2018 (January 3, 2001-January 15, 2018); chair, Joint Economic Committee (One Hundred Fifteenth Congress)."
I000026,"A Representative from Washington; born in Seattle, King County, Wash., February 9, 1951; graduated from Ingraham High School, Seattle, Wash., 1969; attended Stanford University, Stanford, Calif., 1969-1970; B.A., University of Washington, Seattle, Wash., 1972; J.D., Willamette University School of Law, Salem, Oreg., 1976; lawyer, private practice; Selah, Wash., city prosecutor, 1976-1984; member of the Washington state house of representatives, 1988-1992; elected as a Democrat to the One Hundred Third Congress (January 3, 1993-January 3, 1995); unsuccessful candidate for reelection to the One Hundred Fourth Congress in 1994; unsuccessful candidate for nomination as governor of Washington in 1996; regional director, United States Department of Health and Human Services, 1997-1998; elected as a Democrat to the One Hundred Sixth Congress and to the six succeeding Congresses until his resignation on March 20, 2012. (January 3, 1999-March 20, 2012); was not a candidate for reelection to the One Hundred Thirteenth Congress in 2012, but was elected governor of Washington; Governor of Washington, 2013-present."
M001205,"(daughter of Samuel Devine), a Representative from West Virginia; born in Columbus, Franklin County, Ohio, November 4, 1950; graduated from Bexley High School, Bexley, Ohio, 1968; B.S., Columbia College, Columbia, S.C., 1972; member of the West Virginia house of delegates, 2007-2019; elected as a Republican to the One Hundred Sixteenth and to the two succeeding Congresses (January 3, 2019-present)."
P000609,"A Representative from Alabama; born in Haleyville, Winston County, Ala., May 14, 1954; graduated from Hackleburg High School, Hackleburg, Ala., 1972; attended Northwest Alabama Junior College, Phil Campbell, Ala., 1972-1974; B.S., University of Alabama, Tuscaloosa, Ala., 1977; cost engineer; president and CEO, public policy research institute; nonprofit executive; elected as a Republican to the One Hundred Fourteenth and to the four succeeding Congresses (January 3, 2015-present)."
G000568,"a Representative from Virginia; born in Philadelphia, Philadelphia County, Pa., March 15, 1958; graduated from Andrew Lewis High School, Salem, Va.; B.A., Emory &amp; Henry College, Emory, Va., 1980; J.D., Washington &amp; Lee University School of Law, Lexington, Va., 1983; lawyer, private practice, 1983-2011; member of Virginia state house of delegates, 1994-2011; elected as a Republican to the One Hundred Twelfth and to the six succeeding Congresses (January 3, 2011-present)."
Z000017,"a Representative from New York; born in East Meadow, Nassau County, N.Y., January 30, 1980; graduated from William Floyd High School, Brookhaven, N.Y., 1998; B.A., State University of New York, Albany, N.Y., 2001; J.D., Albany Law School, Albany, N.Y., 2003; United States Army, 2003-2007; United States Army Reserve, 2007-present; lawyer, private practice; unsuccessful candidate for election to the One Hundred Eleventh Congress in 2008; member of the New York state senate, 2011-2014; elected as a Republican to the One Hundred Fourteenth and to the three succeeding Congresses (January 3, 2015-January 3, 2023); was not a candidate for reelection to the One Hundred Eighteenth Congress in 2022, but was an unsuccessful candidate for Governor of New York."
R000395,"A Representative from Kentucky; born in Barrier, Wayne County, Ky., December 31, 1937; graduated from Wayne County High School, Monticello, Ky., 1955; attended Western Kentucky University, Bowling Green, Ky., 1956-1957; A.B., University of Kentucky, Lexington, Ky., 1962; LL.B., University of Kentucky, Lexington, Ky., 1964; staff sergeant, Kentucky and North Carolina Army National Guard, 1956-1963; lawyer, private practice; commonwealth attorney, Pulaski and Rockcastle Counties, Ky., 1969-1980; Delegate, Republican National Conventions, 1976, 1980, 1984, 1988, 1992, 1996, 2000, 2004, and 2008; elected as a Republican to the Ninety-seventh and to the twenty-one succeeding Congresses (January 3, 1981-present); chair, Committee on Appropriations (One Hundred Twelfth through One Hundred Fourteenth Congresses)."
F000450,"a Representative from North Carolina; born in New York, New York County, N.Y., June 29, 1943; graduated from Crossnore High School, Crossnore, N.C., 1961; A.B., University of North Carolina, Chapel Hill, N.C., 1968; M.A.C.T., University of North Carolina, Chapel Hill, N.C., 1972; Ed.D., University of North Carolina, Greensboro, N.C., 1985; instructor, Caldwell Community College, Hudson, N.C.; instructor, Appalachian State University, Boone, N.C.; assistant dean, Appalachian State University, Boone, N.C.; president, Mayland Community College, Spruce Pine, N.C., 1987-1994; landscape nursery owner; deputy secretary for management, North Carolina Department of Administration; member of the Watauga County, N.C., board of education, 1976-1988; member of the North Carolina state senate, 1994-2004; elected as a Republican to the One Hundred Ninth and to the nine succeeding Congresses (January 3, 2005-present); chair, Committee on Education and the Workforce (One Hundred Fifteenth and One Hundred Eighteenth Congresses)."
M001137,"a Representative from New York; born in East Harlem, New York County, N.Y., September 25, 1953; graduated from Julia Richman High School, New York, N.Y., 1971; B.A., Adelphi University, Garden City, N.Y., 1975; J.D., Howard University, Washington, D.C., 1978; lawyer; Queens County, N.Y. assistant district attorney, 1978-1983; assistant special narcotics prosecutor, New York, N.Y.; deputy counsel, New York state investigation commission, 1984-1985; supervising judge, New York state workers compensation board, 1985-1992; member of the New York state assembly, 1992-1998; elected as a Democrat to the One Hundred Fifth Congress, by special election, to fill the vacancy caused by the resignation of United States Representative Floyd H. Flake, and to the thirteen succeeding Congresses (February 3, 1998-present); chair, Committee on Foreign Affairs (One Hundred Seventeenth Congress)."
M001196,"A Representative from Massachusetts; born in Salem, Essex County, Mass., October 24, 1978; graduated from Phillips Academy Andover, Andover, Mass., 1997; B.S., Harvard University, Cambridge, Mass., 2001; M.B.A., M.P.P., Harvard University, Cambridge, Mass., 2011; United States Marine Corps, 2002-2008; business manager; elected as a Democrat to the One Hundred Fourteenth and to the four succeeding Congresses (January 3, 2015-present)."
B001240,"A Representative from Colorado; born in Lafayette, Boulder County, Colo., September 22, 1948; B.S., University of Colorado, 1970; farmer; business owner; chair, Republican State Central Committee of Colorado, 1999-2002; elected as a Republican to the One Hundred Eighth and to the succeeding Congress (January 3, 2003-January 3, 2007); was not a candidate for reelection to the One Hundred Tenth Congress in 2006, but was an unsuccessful candidate for Governor of Colorado; unsuccessful candidate for Governor of Colorado in 2014."
K000172,"a Representative from Michigan; born in Flint, Genesee County, Mich., September 16, 1929; graduated from St. Mary&rsquo;s High School, Flint, Mich., 1947; B.A., Sacred Heart Seminary, Detroit, Mich., 1952; teacher&rsquo;s certificate, University of Detroit, Detroit, Mich., 1955; graduate work, University of Peshawar, Pakistan, 1958-1959; M.A., University of Michigan, Ann Arbor, Mich., 1961; teacher; member, Michigan state house of representatives, 1965-1974; member, Michigan state senate, 1975-1976; delegate to Michigan state Democratic conventions, 1956-1977; delegate to Democratic National Conventions, 1968 and 1984; elected as a Democrat to the Ninety-fifth and to the seventeen succeeding Congresses (January 3, 1977-January 3, 2013); was not a candidate for reelection to the One Hundred Thirteenth Congress in 2012; died on October 13, 2021."
W000154,"A Senator from Virginia; born in Washington, D.C., February 18, 1927; attended schools in Washington, D.C. and Virginia; served in the United States Navy 1944-1946; graduated, Washington and Lee University, Lexington, Va. 1949; served in the United States Marine Corps during the Korean conflict 1950-1952; served in the United States Marine Corps Reserve 1952-1956; graduated, University of Virginia Law School 1953; cattle farmer; admitted to the Washington, D.C. bar in 1953 and commenced practice the same year; law clerk, United States Court of Appeals for District of Columbia Circuit 1953-1954; assistant United States attorney 1956-1960; Under Secretary, United States Navy 1969-1972; Secretary, United States Navy 1972-1974; administrator, American Revolution Bicentennial Administration 1974-1976; elected as a Republican to the United States Senate in 1978 for the term commencing January 3, 1979; subsequently appointed by the Governor on January 2, 1979, to fill the vacancy caused by the resignation of William Scott for the term ending January 3, 1979; reelected in 1984, 1990, 1996, and 2002, and served from January 2, 1979, to January 3, 2009; chair, Committee on Rules and Administration (One Hundred Fourth and One Hundred Fifth Congresses [September 12, 1995-January 3, 1999]), Committee on Armed Services (One Hundred Sixth Congress; One Hundred Seventh Congress [January 20, 2001-June 6, 2001], One Hundred Eighth and One Hundred Ninth Congresses); was not a candidate for reelection in 2008; was a resident of Alexandria, Virginia, until his death on May 25, 2021; interment in Arlington National Cemetery, Arlington, Va."
C001083,"A Representative from Delaware; born in Wilmington, New Castle County, Del., May 20, 1956; graduated from St. Mark's High School, Wilmington, Del., 1974; A.B., Dartmouth College, Hanover, N.H., 1978; M.P.A., University of Delaware, Newark, Del., 1987; athletic coach; staff, United States Senator Joseph Biden, Jr., of Delaware, 1986-1989; New Castle County, Del., chief administrative officer, 1989-1994; staff, Governor Thomas Carper of Delaware, 1994-1997; finance secretary of Delaware, 1997-2000; lieutenant governor of Delaware, 2001-2009; elected as a Democrat to the One Hundred Twelfth and to the two succeeding Congresses (January 3, 2011-January 3, 2017); was not a candidate for reelection to the One Hundred Fifteenth Congress in 2016; Governor of Delaware, 2017-present."
R000580,"A Representative from Illinois; born in Hinsdale, DuPage County, Ill., September 13, 1961; B.A. University of Illinois, Urbana-Champaign, Ill., 1983; J.D., Illinois Institute of Technology, Chicago, Ill., 1989; lawyer, private practice; staff, United States Representative Thomas Dale DeLay of Texas, 1985-1986; staff, United States Representative Henry John Hyde of Illinois, 1986-1987; teacher; businessman; member of the Illinois state house of representatives, 1993-1999; member of the Illinois state senate, 2000-2006; unsuccessful candidate for nomination to the One Hundred Sixth Congress in 1998; elected as a Republican to the One Hundred Tenth and to the five succeeding Congresses (January 3, 2007-January 3, 2019); unsuccessful candidate for reelection to the One Hundred Sixteenth Congress in 2018."
C001102,"A Representative from Florida; born on September 28, 1959; graduated from Batesville High School, Batesville, Ind., 1978; attended University of Utah, Salt Lake City, Utah, 1978-1979; B.A., Purdue University, West Lafayette, Ind., 1984; B.S., Krannert School of Management, Purdue University, West Lafayette, Ind., 1984; M.B.A., Harvard University, Cambridge, Mass., 1990; manufacturer, businessman; elected as a Republican to the One Hundred Thirteenth Congress, by special election, to fill the vacancy caused by the resignation of United States Representative Trey Radel, and reelected to the succeeding Congress (June 24, 2014-January 3, 2017); was not a candidate for reelection to the One Hundred Fifteenth Congress in 2016."
S001220,"a Representative from Alabama; born in Huntsville, Madison County, Ala., May 8, 1970; graduated from Sparkman High School, Harvest, Ala., 1988; B.S., Athens State University, Athens, Ala., 1992; public relations professional; sales representative; emergency medical technician; emergency 9-1-1 dispatcher; member of the Madison County, Ala., commission, 1996-2022, chairman, 2012-2022; elected as a Republican to the One Hundred Eighteenth Congress (January 3, 2023-present)."
H001067,"a Representative from North Carolina; born in Franklin, Va., November 4, 1971; graduated from Myers Park High School, Charlotte, N.C., 1990; B.A., University of North Carolina, Charlotte, N.C., 1996; communications director, North Carolina Republican party; business owner; staff, United States Representative Robert (Robin) Hayes of North Carolina, 2000-2005; staff, United States Representative Virginia Ann Foxx of North Carolina, 2005-2006; staff, United States Representative John R. Carter of Texas, 2006-2009; staff, United States Representative K. Michael Conaway of Texas, 2009-2011; elected as a Republican to the One Hundred Thirteenth and to the five succeeding Congresses (January 3, 2013-present); chair, National Republican Congressional Committee (One Hundred Eighteenth Congress)."
C001059,"a Representative from California; born in Fresno, Fresno County, Calif., April 13, 1952; B.A., California State University, Fresno, Calif., 1974; member of the California state assembly, 1978-1994; member of the California state senate, 1994-2002; professional advocate; elected as a Democrat to the One Hundred Ninth and to the nine succeeding Congresses (January 3, 2005-present)."
D000168,"A Representative from Georgia; born in Millen, Jenkins County, Ga., August 25, 1942; attended public schools in Washington County, Ga.; B.A., Mercer University, Macon, Ga., 1964; J.D., Mercer University School of Law, Macon, Ga., 1966; United States Army, 1966-1968; lawyer, private practice; assistant district attorney, Northeastern Judicial Circuit, 1970-1971; judge of the juvenile court of Hall County, Ga., 1971-1972; Hall County, Ga., attorney, 1977-1979; member of the Georgia state senate, 1981-1993; elected as a Democrat to the One Hundred Third and to the succeeding Congress, changed his party affiliation to Republican on April 10, 1995 (January 3, 1993-April 10, 1995); elected as a Republican to the One Hundred Fifth Congress and to the six succeeding Congresses until his resignation on March 21, 2010 (January 3, 1997-March 21, 2010); Governor of Georgia, 2011-2019."
J000307,"a Representative from Michigan; born in Southfield, Oakland County, Mich., June 8, 1981; graduated from Brother Rice High School, Bloomfield Township, Mich., 1999; B.S., United States Military Academy, West Point, N.Y., 2004; M.P.A., Pennsylvania State University, State College, Pa., 2014; M.B.A., University of Michigan, Ann Arbor, Mich., 2015; United States Army, 2004-2012; business executive; unsuccessful candidate for election to the United States Senate in 2018; unsuccessful candidate for election to the United States Senate in 2020; elected as a Republican to the One Hundred Eighteenth Congress (January 3, 2023-present)."
B001149,"A Representative from Indiana; born in Indianapolis, Marion County, Ind., June 21, 1938; graduated from Shortridge High School, Indianapolis, Ind., 1957; attended Indiana University, Indianapolis, Ind., 1958; Cincinnati Bible College, Cincinnati, Ohio, 1959-1960; United States Army and United States Army reserve, 1957-1962; businessman; member of the Indiana state house of representatives, 1967-1968 and 1977-1980; member of the Indiana state senate, 1969-1970 and 1981-1982; unsuccessful candidate for the United States Congress in 1970; elected as a Republican to the Ninety-eighth and to the fourteen succeeding Congresses (January 3, 1983-January 3, 2013); chair, Committee on Government Reform and Oversight (One Hundred Fifth Congress); chair, Committee on Government Reform (One Hundred Sixth and One Hundred Seventh Congresses); was not a candidate for reelection to the One Hundred Thirteenth Congress in 2012."
H001076,"A Senator from New Hampshire; born in Boston, Mass., February 27, 1958; B.A., Brown University, Providence, R.I.., 1980; J.D., Northeastern University School of Law, Boston, Mass., 1985; attorney; member of the New Hampshire Advisory Committee to the Adequacy in Education and Finance Commission; member of the New Hampshire state senate 2004-2010, serving as majority leader 2008-2010; governor of New Hampshire 2013-2016; elected as a Democrat to the United States Senate in 2016; reelected in 2022 for the term ending January 3, 2029."
A000366,"A Representative from Florida; born in Wyandotte, Wayne County, Michigan, on December 14, 1956; attended high school and earned a G.E.D.; B.A., Columbia College, Orlando, Fla., 2000; United States Air Force, 1974-1975; Orange County, Fla., sheriff's office, 1985-2002; member of the Florida state house of representatives, 2002-2010; elected as a Republican to the One Hundred Twelfth Congress (January 3, 2011-January 3, 2013); unsuccessful candidate for nomination to the One Hundred Thirteenth Congress in 2012."
W000273,"A Representative from Illinois; born in Streator, La Salle County, Ill., July 7, 1957; graduated from Dwight High School, Ill., 1975; attended Joliet Junior College, Romeoville, Ill., 1976; B.S., University of Illinois, 1979; aide to United States Representative Tom Corcoran of Illinois, 1980-1981; assistant to the director, Illinois state department of agriculture; aide to United States Secretary of Agriculture, John R. Block, 1981-1985; member of the Illinois state house of representatives, 1988-1994; founder and past president, Grundy County Young Republicans; elected as a Republican to the One Hundred Fourth and to the six succeeding Congresses (January 3, 1995-January 3, 2009); was not a candidate for reelection to the One Hundred Eleventh Congress in 2008."
K000008,"A Representative from Pennsylvania; born in Nanticoke, Luzerne County, Pa., April 2, 1937; United States Capitol Page School, Washington, D.C., 1954; attended Wyoming Seminary, Kingston, Pa.; Temple University, Philadelphia, Pa., 1957-1961; Dickinson School of Law, Carlisle, Pa., 1962-1965; United States Army Reserves, 1960-1961; lawyer, private practice; administrative law judge for workmen's compensation, 1971-1980; elected as a Democrat to the Ninety-ninth and to the twelve succeeding Congresses (January 3, 1985-January 3, 2011); unsuccessful candidate for reelection to the One Hundred Twelfth Congress in 2010."
S000937,"a Representative from Texas; born in Bloomfield Hills, Mich., November 14, 1956; graduated from Dondero High School, Royal Oak, Mich., 1975; B.S., University of Houston, Houston, Tex., 1990; accountant; elected as a Republican to the One Hundred Fourth Congress (January 3, 1995-January 3, 1997); unsuccessful candidate for reelection the One Hundred Fifth Congress in 1996; elected as a Republican to the One Hundred Thirteenth Congress (January 3, 2013-January 3, 2015); was not a candidate for reelection to the One Hundred Fourteenth Congress in 2014, but was an unsuccessful candidate for nomination to the United States Senate; convicted on April 12, 2018, of obtaining funds under false pretenses, money laundering, fraud, conspiracy, making false and excessive contributions, and filing false income tax return; sentence commuted by President Donald J. Trump on December 22, 2020."
F000449,"A Representative from Nebraska; born in Baton Rouge, East Baton Rouge Parish, La., December 27, 1960; B.A., Louisiana State University, Baton Rouge, La., 1982; M.P.P., Georgetown University, Washington, D.C., 1986; M.Th., Franciscan University, Steubenville, Ohio, 1996; member of the Lincoln, Nebr., city council, 1997-2001; publishing executive; elected as a Republican to the One Hundred Ninth and to the eight succeeding Congresses until his resignation on March 31, 2022 (January 3, 2005-March 31, 2022)."
M001204,"a Representative from Pennsylvania; born in Flushing, Queens County, N.Y., February 10, 1964; graduated from Babylon High School, Babylon, N.Y. 1982; attended New York Maritime University (now SUNY Maritime College), Bronx, N.Y., 1982-1983; B.A., Cornell University, Ithaca, N.Y., 1986; entrepreneur; business executive; unsuccessful candidate for nomination to the One Hundred Eleventh Congress in 2008; Pennsylvania state secretary of revenue, 2011-2015; elected as a Republican to the One Hundred Sixteenth and to the two succeeding Congresses (January 3, 2019-present)."
H001056,"A Representative from Washington; born in Glendale, Los Angeles County, Calif., November 3, 1978; graduated from Prairie High School, Brush Prairie, Wash.; attended Seattle Pacific University, Seattle, Wash., 1996-1998; A.A., Bellevue Community College, Bellevue, Wash., 2003; B.A., University of Washington, Seattle, Wash., 2004; staff, United States Representative Cathy McMorris Rodgers of Washington, 2005-2007; member of the Washington state house of representatives, 2007-2010; elected as a Republican to the One Hundred Twelfth and to the five succeeding Congresses (January 3, 2011-January 3, 2023); unsuccessful candidate for renomination to the One Hundred Eighteenth Congress in 2022."
W000207,"A Representative from North Carolina; born in Steele Creek, Mecklenburg County, N.C., August 26, 1945; York Road High School, Charlotte, N.C., 1963; B.S., University of North Carolina, Chapel Hill, N.C., 1967; J.D., Yale University School of Law, New Haven, Conn., 1970; lawyer, private practice; member of the North Carolina state senate, 1985-1987; elected as a Democrat to the One Hundred Third and to the ten succeeding Congresses until his resignation on January 6, 2014 (January 3, 1993-January 6, 2014); Director, Federal Housing Finance Agency, 2014-2019."
S001210,"A Representative from Florida; born in Tampa, Hillsborough County, Fla., July 16, 1966; graduated from Brandon High School, Brandon, Fla., 1984; B.A., University of South Florida, Tampa, Fla., 1994; J.D., Florida State University, Tallahassee, Fla., 1998; lawyer, private practice; member of the Florida state house of representatives, 2012-2018; elected as a Republican to the One Hundred Sixteenth Congress (January 3, 2019-January 3, 2021); unsuccessful candidate for renomination to the One Hundred Seventeenth Congress in 2020."
T000488,"a Representative from Michigan; born in Chikodi, Karnataka, India, February 22, 1955; graduated from Chintamanrao High School, Belgaum, India, 1969; B.S., Karnatak University, Dharwad, India, 1973; M.S., University of Bombay (now University of Mumbai), Bombay, India, 1977; Ph.D., University of Akron, Akron, Ohio, 1982; postdoctoral research, University of Michigan, Ann Arbor, Mich., 1982-1984; M.B.A., Fontbonne University, St. Louis, Mo., 1987; chemist; business owner; unsuccessful candidate for nomination for Governor of Michigan in 2018; member of the Michigan state house of representatives, 2021-2023; elected as a Democrat to the One Hundred Eighteenth Congress (January 3, 2023-present)."
L000579,"a Representative from California; born in New York, New York County, N.Y., March 8, 1941; B.A., Hobart College, Geneva, N.Y., 1962; M.A., Ohio State University, Columbus, Ohio, 1965; Ph.D., Ohio State University, Columbus, Ohio, 1967; professor, California State University, Long Beach, Calif., 1969-1998; psychologist; member of the Long Beach, Calif., city council, 1992-1998; member of the California state assembly, 1998-2004; member of the California state senate, 2004-2012; elected as a Democrat to the One Hundred Thirteenth and to the four succeeding Congresses (January 3, 2013-January 3, 2023); was not a candidate for reelection to the One Hundred Eighteenth Congress in 2022."
J000126,"A Representative from Texas; born in Waco, McLennan County, Tex., December 3, 1935; graduated from A.J. Moore High School, Waco, Tex., 1952; nursing certificate, St. Mary&rsquo;s College at the University of Notre Dame, Notre Dame, Ind., 1955; B.S., Texas Christian University, Fort Worth, Tex., 1967; M.P.A., Southern Methodist University, Dallas, Tex., 1976; chief psychiatric nurse and psychotherapist, Veterans Administration hospital, Dallas, Tex.; member of the Texas state house of representatives, 1972-1977; administrator, United States Department of Health, Education and Welfare, 1977-1981; business owner; member of the Texas state senate, 1986-1992; elected as a Democrat to the One Hundred Third and to the fourteen succeeding Congresses (January 3, 1993-January 3, 2023); chair, Committee on Science, Space, and Technology (One Hundred Sixteenth and One Hundred Seventeenth Congresses); was not a candidate for reelection to the One Hundred Eighteenth Congress in 2022."
D000609,"A Representative from Ohio; born in Cincinnati, Hamilton County, Ohio, June 24, 1966; graduated from Elder High School, Cincinnati, Ohio, 1984; B.A., Miami University, Oxford, Ohio, 1988; M.P.A., Indiana University, Bloomington, Ind., 1995; community outreach program director; United States Peace Corps, 1988-1990; member, Ohio state house of representatives, 2001-2008, minority whip, 2005-2007; elected as a Democrat to the One Hundred Eleventh Congress (January 3, 2009-January 3, 2010); unsuccessful candidate for reelection to the One Hundred Twelfth Congress in 2010; country director, Mbabane, Swaziland, United States Peace Corps, 2011 to present."
D000432,"A Representative and a Senator from North Dakota; born in Dickinson, Stark County, N. Dak., May 14, 1942; attended the public schools; B.S., University of North Dakota, Grand Forks 1964; M.B.A., University of Denver 1966; tax commissioner, State of North Dakota 1969-1980; delegate, North Dakota State Democratic conventions 1969-1981; elected as a Democrat to the Ninety-seventh Congress in 1980 and to the five succeeding congresses; elected as a Democrat to the United States Senate in 1992 to the term beginning January 1993; appointed by the Governor to begin serving on December 14, 1992, to fill the vacancy left by Senator Kent Conrad, who assumed the seat left vacant by the death of Quentin Northrop Burdick, and took the oath of office on December 15, 1992; reelected in 1998 and again in 2004, and served from December 14, 1992, to January 3, 2011; chair, Democratic Policy Committee (One Hundred Sixth through One Hundred Eleventh Congresses), Committee on Indian Affairs (One Hundred Tenth and One Hundred Eleventh Congresses); was not a candidate for reelection to the Senate in 2010."
D000626,"A Representative from Ohio; born in Ohio, March 1, 1970; graduated from Sidney High School, Sidney, Ohio, 1989; B.A., United States Military Academy, West Point, N.Y., 1995; M.B.A., University of Notre Dame, Notre Dame, Ind.; United States Army; business owner; Concord Township, Ohio, trustee; elected as a Republican to the One Hundred Fourteenth Congress, by special election, to fill the vacancy caused by the resignation of United States Representative John Andrew Boehner, and reelected to the four succeeding Congresses (June 7, 2016-present)."
C000994,"a Representative from California; born in Los Angeles, Los Angeles County, Calif., December 8, 1941; B.A., University of Missouri, Columbia, Mo., 1964; M.A., University of Missouri, Columbia, Mo., 1965; M.B.A., National University, San Diego, Calif., 1985; United States Navy, 1966-1987; teacher; lecturer; businessman; elected as a Republican to the One Hundred Second and to the seven succeeding Congresses until his resignation on December 1, 2005 (January 3, 1991-December 1, 2005); convicted on March 3, 2006, of tax evasion and conspiracy; conditional pardon granted by President Donald J. Trump on January 13, 2021."
R000615,"A Senator from Utah; born in Detroit, Mich., March 12, 1947; B.A., English, Brigham Young University, 1971; J.D., Harvard Law School, 1975; M.B.A., Harvard Business School, 1975; investment company founder and chief executive officer; consulting firm chief executive officer; president and chief executive officer of the Salt Lake Organizing Committee for the Olympic Winter Games of 2002; governor of Massachusetts 2003-2007; was an unsuccessful candidate for the Republican presidential nomination in 2008; was an unsuccessful Republican nominee for President of the United States in 2012; elected as a Republican to the United States Senate in 2018 for the term ending January 3, 2025."
M001178,"A Representative from New York; born in Columbia, Boone County, Mo., January 26, 1970; graduated from David H. Hickman High School, Columbia, Mo., 1988; A.B., Harvard University, Cambridge, Mass., 1992; businessman; professional advocate; elected as a Democrat to the One Hundred Eleventh Congress, by special election to fill the vacancy caused by the resignation of United States Representative Kirsten Gillibrand (March 31, 2009-January 3, 2011); unsuccessful candidate for reelection to the One Hundred Twelfth Congress in 2010."
D000620,"A Representative from Maryland; born in Wood-Ridge, Bergen County, N.J., April 16, 1963; B.S., Columbia University, New York, N.Y., 1985; J.D., Georgetown University, Washington, D.C., 1988; lawyer, private practice; business owner; elected as a Democrat to the One Hundred Thirteenth and to the two succeeding Congresses (January 3, 2013-January 3, 2019); was not a candidate for reelection to the One Hundred Sixteenth Congress in 2018."
C001087,"a Representative from Arkansas; born at Homestead Air Force Base, Miami-Dade County, Florida, January 22, 1966; graduated from Alvirne High School in Hudson, N.H.; United States Army, 1985-1989; B.S., Arkansas State University, Jonesboro, Ark., 1996; journalist; business owner; elected as a Republican to the One Hundred Twelfth and to the six succeeding Congresses (January 3, 2011-present)."
A000361,"A Representative from Louisiana; born in Quitman, Jackson Parish, La., December 5, 1946; graduated from Jonesboro-Hodge High School, Jonesboro, La., 1964; graduated, University of Louisiana-Monroe, Monroe, La.; United States Air Force reserve, 1965-1971; insurance agent; businessman; member of the Louisiana state house of representatives, 1987-2002; elected as a Democrat to the One Hundred Eighth Congress; changed party affiliation from a Democrat to a Republican on August 9, 2004, elected as a Republican to the One Hundred Ninth and to the four succeeding Congresses until his resignation on September 27, 2013 (January 3, 2003- September 27, 2013)."
V000135,"a Representative from Wisconsin; born in Minnesota, September 15, 1969; B.S., Excelsior University, Albany, NY; United States Navy, 1988-2014; actor; business owner; unsuccessful candidate for election to the One Hundred Seventeenth Congress in 2020; elected as a Republican to the One Hundred Eighteenth Congress (January 2023-present)."
F000444,"A Senator and a Representative from Arizona; born in Snowflake, Navajo County, Ariz., December 31, 1962; graduated from Brigham Young University, Provo, Utah, 1986; M.A. Brigham Young University, Provo, Utah, 1987; elected as a Republican to the One Hundred Seventh and to the five succeeding Congresses (January 3, 2001-January 3, 2013); was not a candidate for reelection to the House of Representatives but was elected as a Republican to the United States Senate in 2012, and served from January 3, 2013, to January 3, 2019; was not a candidate for reelection to the Senate in 2018."
M001185,"a Representative from New York; born in Sherbrooke, Quebec, Canada, July 30, 1966; graduated from Hanover High School, Hanover, N.H., 1984; attended Georgetown University, Washington, D.C., 1986; B.A., University of Virginia, Charlottesville, Va., 1988; J.D., University of Virginia, Charlottesville, Va., 1992; campaign aide; lawyer, private practice; businessman; staff secretary to President William J. Clinton, 1997-2000; unsuccessful candidate for nomination for New York attorney general in 2006 and 2018; first deputy secretary to New York Governor Eliot Spitzer, 2007-2008; elected as a Democrat to the One Hundred Thirteenth and to the four succeeding Congresses (January 3, 2013-January 3, 2023); unsuccessful candidate for reelection to the One Hundred Eighteenth Congress in 2022."
C000754,"A Representative from Tennessee; born in Nashville, Davidson County, Tenn., June 19, 1954; graduated from Groton School, Groton, Mass., 1972; B.A., University of North Carolina (Morehead Scholar), Chapel Hill, N.C., 1975; M.A., Oxford University (Rhodes Scholar), Oxford, England, 1977; J.D., Harvard University Law School, Cambridge, Mass., 1980; lawyer, private practice; adjunct professor, Vanderbilt University, Nashville, Tenn.; elected as a Democrat to the Ninety-eighth and to the five succeeding Congresses (January 3, 1983-January 3, 1995); was not a candidate for reelection to the One Hundred Fourth Congress in 1994, but was an unsuccessful candidate for election to the United States Senate; investment banker; elected as a Democrat to the One Hundred Eighth and to the nine succeeding Congresses (January 3, 2003-January 3, 2023); was not a candidate for reelection to the One Hundred Eighteenth Congress in 2022."
L000557,"a Representative from Connecticut; born in Hartford, Hartford County, Conn., July 22, 1948; graduated East Hartford High School, Hartford, Conn., 1967; B.A., Central Connecticut University, New Britain, Conn., 1971; member of the East Hartford, Conn., board of education, 1977-1979; member of the East Hartford, Conn., town council, 1979-1983; senior fellow at the Yale Bush Center for Child Development and Social Policy, New Haven, Conn.; teacher; businessman; member of the Connecticut state senate, 1986-1998, president pro tempore, 1990-1998; elected as a Democrat to the One Hundred Sixth and to the twelve succeeding Congresses (January 3, 1999-present); chair, House Democratic Caucus (One Hundred Eleventh and One Hundred Twelfth Congresses)."
F000459,"A Representative from Tennessee; born in Manhattan, New York County, N.Y., October 11, 1962; graduated from Elk Grove High School, Elk Grove, Ill., 1980; B.A., University of Illinois, Urbana-Champaign, Ill., 1983; J.D., University of Tennessee, Knoxville, Tenn., 1986; lawyer, private practice; elected as a Republican to the One Hundred Twelfth and to the six succeeding Congresses (January 3, 2011-present)."
H000338,"A Senator from Utah; born in Homestead Park, Allegheny County, Pa., March 22, 1934; received early education in the public schools of Pittsburgh, Pa.; graduated, Brigham Young University 1959; graduated, University of Pittsburgh Law School 1962; admitted to the Pennsylvania bar in 1963 and commenced practice in Pittsburgh; moved to Utah in 1969 and continued practicing law; elected as a Republican to the United States Senate in 1976; reelected in 1982, 1988, 1994, 2000, 2006, and again in 2012, and served from January 3, 1977, to January 3, 2019; president pro tempore (2015-2019); chair, Committee on Labor and Human Resources (Ninety-seventh to Ninety-ninth Congresses), Committee on the Judiciary (One Hundred Fourth to One Hundred Sixth Congresses; One Hundred Seventh Congress [January 20, 2001-June 6, 2001], One Hundred Eighth Congress), Committee on Finance (One Hundred Fourteenth and One Hundred Fifteenth Congresses); was not a candidate for reelection to the Senate in 2018; was a resident of Salt Lake City, Utah, until his death on April 23, 2022; interment in Newton Cemetery, Newton, Cache County, Utah."
S000749,"A Representative from South Carolina; born in Charlotte, Mecklenburg County, N.C., November 1, 1942; graduated from York High School, York, S.C., 1960; A.B., Davidson College, Davidson, N.C., 1964; M.A., Marshall Scholar, Corpus Christi College, Oxford University, Oxford, England, 1966; LL.B., Yale Law School, New Haven, Conn., 1969; United States Army, 1969-1971; lawyer, private practice; banker; business owner; delegate, South Carolina state Democratic convention, 1972-1980; delegate, Democratic National Convention, 1964; elected as a Democrat to the Ninety-eighth and to the thirteen succeeding Congresses (January 3, 1983-January 3, 2011); unsuccessful candidate for reelection to the One Hundred Twelfth Congress in 2010; chair, Committee on the Budget (One Hundred Tenth and One Hundred Eleventh Congresses)."
M001217,"a Representative from Florida; born in Coral Springs, Broward County, Fla., December 18, 1980; graduated from Marjory Stoneman Douglas High School, Parkland, Fla., 1999; B.A., George Washington University, Washington, D.C., 2003; J.D., Nova Southeastern University, Davie, Fla., 2007; campaign staff; lawyer, private practice; business executive; Parkland, Fla., city commissioner, 2006-2012; member of the Florida state house of representatives, 2012-2019; director of the Florida department of emergency management, 2019-2021; Broward County, Fla., commissioner, 2022; elected as a Democrat to the One Hundred Eighteenth Congress (January 3, 2023&ndash;present)."
K000220,"A Representative from Georgia; born in Bryan, Brazos County, Tex., April 24, 1955; graduated from Clarke Central High School, Athens, Ga.; attended Michigan State University, East Lansing, Mich., 1973-1974; A.B., University of Georgia, Athens, Ga., 1978; business executive; member of the Georgia state house of representatives, 1985-1993; elected as a Republican to the One Hundred Third and to the ten succeeding Congresses (January 3, 1993-January 3, 2015); unsuccessful candidate for nomination to the United States Senate in 2014."
C001119,"A Representative from Minnesota; born in West Helena, Phillips County, Arkansas, on February 14, 1972; graduated from Nettleton High School, Jonesboro, Ark.; B.A., University of Memphis, Memphis, Tenn., 1994; journalist; healthcare company manager; unsuccessful candidate for election to the One Hundred Fifteenth Congress in 2016; elected as a Democrat to the One Hundred Sixteenth and to the two succeeding Congresses (January 3, 2019-present)."
P000601,"A Representative from Mississippi; born in Gulfport, Harrison County, Miss., February 21, 1970; graduated from Saint John High School, Gulfport, Miss., 1988; B.S., University of Southern Mississippi, Hattiesburg, Miss., 1994; M.P.A., University of Southern Mississippi, Hattiesburg, Miss., 1996; United States Marine Corps Reserve, 1988-1996; Mississippi Army National Guard, 2007-present; accountant; member of the Mississippi state house of representatives, 2007-2010; elected as a Republican to the One Hundred Twelfth and to the five succeeding Congresses (January 3, 2011-January 3, 2023); unsuccessful candidate for renomination to the One Hundred Eighteenth Congress in 2022."
N000191,"a Representative from Colorado; born in Bakersfield, Kern County, Calif., May 13, 1984; graduated from Thunder Ridge High School, Highlands Ranch, Colo., 2002; B.A., University of Colorado, Boulder, Colo., 2005; J.D., University of Colorado, Boulder, Colo., 2009; nonprofit executive; member of the board of regents of the University of Colorado, Boulder, Colo., 2009-2015; executive director, Colorado department of regulatory agencies, 2015-2017; lawyer; elected as a Democrat to the One Hundred Sixteenth and to the two succeeding Congresses (January 3, 2019-present); one of the managers appointed by the House of Representatives in 2021 to conduct the impeachment proceedings of Donald J. Trump, President of the United States."
C001077,"<p>a Representative from Colorado; born in Fort Leonard Wood, Pulaski County, Mo., March 19, 1955; attended Aurora Central High School, Aurora, Colo.; received graduation equivalency degree through the United States Army; B.A., University of Colorado, Boulder, Colo., 1979; United States Army, 1972-1974; United States Army Reserve, 1975-1978; United States Marine Corps, 1979-1982; United States Marine Corps Reserve, 1983-1994, 2005-2006; small business owner; member of the Colorado state house of representatives, 1989-1994; member of the Colorado state senate, 1994-1998; Colorado state treasurer, 1999-2007; Colorado secretary of state, 2007-2008; elected as a Republican to the One Hundred Eleventh and to the four succeeding Congresses (January 3, 2009-January 3, 2019); unsuccessful candidate for reelection to the One Hundred Sixteenth Congress in 2018; Mayor of Aurora, Colo., 2019-present.</p>"
C001037,"A Representative from Massachusetts; born in Somerville, Middlesex County, Mass., January 9, 1952; graduated from Somerville High School, Somerville, Mass., 1969; A.B., Dartmouth College, Hanover, N.H., 1973; J.D., Boston College, Chestnut Hill, Mass., 1977; lawyer, private practice; chief legal counsel, joint committee on taxation, Massachusetts state legislature, 1978-1984; alderman, Somerville, Mass., 1977-1979; alderman-at-large, Somerville, Mass., 1985-1989; Mayor of Somerville, Mass., 1990-1998; Democratic state committeeman, 1996; president, Massachusetts Municipal Association, 1998; elected as a Democrat to the One Hundred Sixth and to the nine succeeding Congresses (January 3, 1999-January 3, 2019); unsuccessful candidate for nomination to the One Hundred Sixteenth Congress in 2018."
W000804,"a Representative from Virginia; born in Washington, D.C., February 3, 1959; B.S., Virginia Polytechnic Institute, Blacksburg, Va., 1981; M.P.H., University of North Carolina, Chapel Hill, N.C., 1990; Ph.D., Virginia Commonwealth University, Richmond, Va., 2002; field director, division of shellfish sanitation, Va., department of health; member of the Montross, Va., town council, 1986-1996; Mayor of Montross, Va., 1992-1996; member of the Westmoreland County, Va., board of supervisors, 1996-2005; chairman of the Westmoreland County Va., board of supervisors, 2004-2005; member of the Virginia house of delegates, 2006-2007; elected as a Republican to the One Hundred Tenth Congress, by special election, to fill the vacancy caused by the death of United States Representative Jo Ann Davis, and to the eight succeeding Congresses (December 11, 2007-present)."
B001276,"A Representative from New York; born in Auburn, Cayuga County, N.Y., May 8, 1951; R.N., St. Joseph's Hospital School of Nursing, Syracuse, N.Y., 1972; B.S., Le Moyne College, Syracuse, N.Y., 1977; J.D., Syracuse University, Syracuse, N.Y., 1994; nurse; member of the Syracuse common council, 1994-1995; assistant New York state attorney general, 1997-2010; elected as a Republican to the One Hundred Twelfth Congress (January 3, 2011-January 3, 2013); unsuccessful candidate for reelection to the One Hundred Thirteenth Congress in 2012."
B001272,"A Representative from North Dakota; born in Maddock, Benson County, N. Dak., August 16, 1959; graduated from Hettinger High School, Hettinger, N. Dak., 1977; attended, North Dakota State College of Science, Wahpeton, N. Dak., 1977-1978; B.S., North Dakota State University, Fargo, N. Dak., 1981; business owner; member of the North Dakota state house of representatives, 1984-2010; speaker, North Dakota state house of representatives, 1993; majority leader, North Dakota state house of representatives, 2003-2009; elected as a Republican to the One Hundred Twelfth Congress (January 3, 2011-January 3, 2013); not a candidate for reelection in 2012, but was an unsuccessful candidate for the United States Senate; chair, North Dakota Republican Party, 2018-present."
F000262,"(Son of Harold Eugene Ford), a Representative from Tennessee; born in Memphis, Shelby County, Tenn., May 11, 1970; graduated from St. Albans School for Boys, Washington, D.C.; B.A., University of Pennsylvania, Philadelphia, Pa., 1992; J.D., University of Michigan Law School, 1996; staff aide, United States Senate Committee on the Budget, 1992; special assistant, United States Department of Commerce, 1993; elected as a Democrat to the One Hundred Fifth and to the four succeeding Congresses (January 3, 1997-January 3, 2007); not a candidate for reelection, but was an unsuccessful candidate to the United States Senate in 2006."
M001209,"A Representative from Utah; born in West Bountiful, Davis County, Utah, December 5, 1974; graduated from Viewmont High School, Bountiful, Utah, 1993; B.A., University of Utah, Salt Lake City, Utah, 2000; J.D., Columbia University, New York, N.Y., 2003; lawyer; adjunct professor; staff, Mayor of Salt Lake City, 2008-2012; member of the Utah state senate, 2008-2012; Mayor of Salt Lake County, 2013-2019; elected as a Democrat to the One Hundred Sixteenth Congress (January 3, 2019-January 3, 2021); unsuccessful candidate for reelection to the One Hundred Seventeenth Congress in 2020."
B001266,"A Senator from Illinois; born in Centralia, Ill., August 3, 1937; B.A., Southern Illinois University, Carbondale, Ill., 1959; J.D., Howard University, 1963; national bank examiner for comptroller of the currency, U.S. Treasury Department 1963-1964; bank executive; director, Illinois State Department of General Services 1973-1976; Illinois State comptroller 1978-1990, the first African American elected to statewide office in Illinois; unsuccessful candidate for the Democratic nomination for United States senator in1984; Illinois State attorney general 1991-1995; trustee, Financial Accounting Foundation board 1991-1994; unsuccessful candidate for the Democratic nomination for governor in 1994, 1998, and 2002; practiced law in Chicago, Ill.; appointed as a Democrat to the United States Senate on December 31, 2008, to fill the vacancy caused by the resignation of Barack Obama, but credentials were not in order until January 12, 2009; took the oath of office on January 15, 2009, and served from January 12, 2009, to November 29, 2010, a successor having been chosen in a special election; not a candidate for election to the unexpired portion of the term."
C001123,"a Representative from California; born in Torrance, Los Angeles County, Calif., February 12, 1971; B.A., George Washington University, Washington, D.C., 1994; M.B.A., Regis University, Denver, Colo., 2002; M.A., Brown University, Providence, R.I., 2015; United States Navy, 1994-2004; corporate manager; non-profit executive; elected as a Democrat to the One Hundred Sixteenth Congress (January 3, 2019-January 3, 2021); unsuccessful candidate for reelection to the One Hundred Seventeenth Congress in 2020; Under Secretary of Defense for Personnel and Readiness, United States Department of Defense, 2021-present."
P000096,"A Representative from New Jersey; born in Paterson, Passaic County, N.J., January 25, 1937; graduated from St. John the Baptist High School, Paterson, N.J., 1955; B.A., Fordham University, New York, N.Y., 1959; M.A., Fordham University, New York, N.Y., 1961; United States Army, 1961-1962; United States Army Reserve, 1962-1967; teacher; president of the Paterson, N.J., board of education, 1979-1982; member of the New Jersey state general assembly, 1988-1996, minority leader pro tempore; mayor of Paterson, N.J., 1990-1996; elected as a Democrat to the One Hundred Fifth and to the thirteen succeeding Congresses (January 3, 1997-present)."
O000175,"a Representative from Tennessee; born in Nashville, Davidson County, Tenn., June 18, 1971; graduated from Franklin High School, Franklin, Tenn., 1990; B.S., Middle Tennessee State University, Murfreesboro, Tenn., 2007; business owner; nonprofit executive; professional advocate; unsuccessful candidate for nomination to the One Hundred Eighth Congress in 2002; campaign staff, presidential campaign of Newton Leroy Gingrich, 2012; Mayor of Maury County, Tenn., 2018-2022; elected as a Republican to the One Hundred Eighteenth Congress (January 3, 2023-present)."
W000794,"A Representative from California; born in Los Angeles, Los Angeles County, Calif., November 12, 1933; graduated from Susan Miller Dorsey High School, Los Angeles, Calif.; B.A., University of California, Los Angeles, Calif., 1956; M.S., California State University, Los Angeles, Calif., 1967; attended the Kennedy School of Government, Harvard University, Cambridge, Mass.; Ph.D., Claremont Graduate University, Claremont, Calif., 1987; psychologist; faculty, California State University, Los Angeles, Calif., 1969-1971; health occupation specialist, Bureau of Industrial Education, California Department of Education, 1971-1973; member of the Los Angeles, Calif., unified school board, 1975-1978; member of the California state senate, 1978-1998; United States Ambassador to the Federated States of Micronesia, 1999-2000; elected as a Democrat to the One Hundred Seventh Congress, by special election, to fill the vacancy caused by the death of United States Representative Julian Dixon, and reelected to the four succeeding Congresses (June 5, 2001-January 3, 2011); was not a candidate for reelection to the One Hundred Twelfth Congress in 2010."
S001159,"a Representative from Washington; born in Seoul, South Korea, September 25, 1962; graduated from Mount Tahoma High School, Tacoma, Wash., 1980; B.A., University of Washington, Seattle, Wash., 1984; M.B.A., Clark Atlanta University, Atlanta, Ga., 1992; marketing executive; member of the Tacoma, Wash., city council, 2008-2009; Mayor of Tacoma, Wash., 2010-2017; president and CEO, Seattle (Wash.) Metropolitan Chamber of Commerce, 2018-2019; elected as a Democrat to the One Hundred Seventeenth and to the succeeding Congress (January 3, 2021-present)."
C001085,"A Representative from Michigan; born in Detroit, Wayne County, Mich., March 2, 1957; attended Phillips Exeter Academy, Exeter, N.H.; attended Detroit public schools; attended Governor's Academy, Byfield, Mass.; B.F.A., Cornell University, Ithaca, N.Y., 1984; J.D., Georgetown University, Washington, D.C., 1987; lawyer, private practice; staff, United States Representative John Conyers of Michigan, 1989-1990; member of the Michigan state house of representatives, 1991, 1999-2003; unsuccessful candidate for reelection to the Michigan state house of representatives in 1992; unsuccessful candidate for election to the Detroit, Mich., city council in 2001; unsuccessful candidate for Mayor of Detroit, Mich., in 2005; member of the Michigan state senate, 2003-2010; elected as a Democrat to the One Hundred Twelfth Congress (January 3, 2011-January 3, 2013); unsuccessful candidate for nomination to the One Hundred Thirteenth Congress in 2012; unsuccessful candidate for nomination to the One Hundred Fourteenth Congress in 2014."
P000607,"A Representative from Wisconsin; born in Kenosha, Kenosha County, Wis., August 14, 1964; graduated from Mary D. Bradford High School, Kenosha, Wis., 1982; B.A., University of Wisconsin, Madison, Wis., 1986; businessman; member of the Dane County, Wis., board of supervisors, 1991-1996; member of the Wisconsin state assembly, 1999-2013; elected as a Democrat to the One Hundred Thirteenth and to the five succeeding Congresses (January 3, 2013-present)."
M001138,"A Representative from Illinois; born in Rockford, Winnebago County, Ill., March 24, 1944; graduated from Auburn High School, Rockford, Ill., 1962; B.A., American University, Washington, D.C., 1967; J.D., Marquette University School of Law, Milwaukee, Wis., 1970; lawyer, private practice; unsuccessful candidate for nomination to the One Hundred Second Congress in 1990; member, Republican National Committee; elected as a Republican to the One Hundred Third and to the nine succeeding Congresses (January 3, 1993-January 3, 2013); chair, Committee on Small Business (One Hundred Seventh through One Hundred Ninth Congresses); unsuccessful candidate for nomination to the One Hundred Thirteenth Congress in 2012."
S000480,"A Representative from New York; born Louise McIntosh in Harlan County, Ky., August 14, 1929; graduated from Somerset High School, Somerset, Ky., 1947; B.S., University of Kentucky, Lexington, Ky., 1951; M.S., University of Kentucky, Lexington, Ky., 1953; elected to the Monroe County, N.Y., legislature, 1976-1979; regional coordinator for New York department of state, 1976-1979; coordinator, regional office of New York lieutenant governor, 1979-1982; member of the New York state assembly, 1982-1986; elected as a Democrat to the One Hundredth and to the fifteen succeeding Congresses; served until her death on March 16, 2018 (January 3, 1987-March 16, 2018); chair, Committee on Rules (One Hundred Tenth and One Hundred Eleventh Congresses); died on March 16, 2018, in Washington, D.C.; remains were cremated."
A000374,"A Representative from Louisiana; born in Alto, Richland Parish, La., September 16, 1954; graduated from Mangham High School, Mangham, La., 1972; B.A., Louisiana State University, Baton Rouge, La., 1980; D.V.M., Louisiana State University School of Veterinary Medicine, Baton Rouge, La., 1980; M.D., Louisiana State University School of Medicine, New Orleans, La., 1994; Mississippi National Guard Special Forces, 1986-1989; flight instructor; general family practitioner; aviation medical examiner; elected as a Republican to the One Hundred Fourteenth and to the two succeeding Congresses (January 3, 2015-January 3, 2021); was not a candidate for reelection to the One Hundred Seventeenth Congress in 2020, but was an unsuccessful candidate for nomination for Governor of Louisiana."
D000327,"A Representative from Washington; born in Bremerton, Kitsap County, Wash., December 16, 1940; graduated from West Bremerton High School, Bremerton, Wash., 1959; B.A., University of Washington, Seattle, Wash., 1963; J.D., University of Washington School of Law, Seattle, Wash., 1968; lawyer, private practice; staff, United States Senator Warren G. Magnuson of Washington, 1968-1976; elected as a Democrat to the Ninety-fifth and to the seventeen succeeding Congresses (January 3, 1977-January 3, 2013); was not a candidate for reelection to the One Hundred Thirteenth Congress in 2012."
W000809,"a Representative from Arkansas; born in Russellville, Pope County, Ark., on February 18, 1957; graduated from Russellville High School, Russellville, Ark., 1975; B.A., Arkansas Tech University, Russellville, Ark., 1979; Arkansas Army National Guard, 1979-2009; radio station manager; consultant; member of the Rogers, Ark., city council, 1983-1984 and 1997-1998; Mayor of Rogers, Ark., 1999-2010; elected as a Republican to the One Hundred Twelfth and to the six succeeding Congresses (January 3, 2011-present); chair, Committee on Budget (One Hundred Fifteenth Congress); chair, Joint Select Committee on Budget and Appropriations Process Reform (One Hundred Fifteenth Congress)."
G000575,"(Daughter of Bob Graham), a Representative from Florida; born in Miami Lakes, Miami-Dade County, Fla., January 31, 1963; graduated from Leon High School, Tallahassee, Fla., 1980; B.A., University of North Carolina, Chapel Hill, N.C., 1984; J.D., American University, Washington, D.C., 1988; lawyer, private practice; director of employee relations, Leon County, Fla., school district; elected as a Democrat to the One Hundred Fourteenth Congress (January 3, 2015-January 3, 2017); was not a candidate for reelection to the One Hundredth Fifteenth Congress in 2016; Assistant Secretary for Legislation and Congressional Affairs, United States Department of Education, 2021-present."
C001103,"a Representative from Georgia; born in Port Wentworth, Chatham County, Ga., September 6, 1957; graduated from Robert W. Groves High School, Garden City, Ga., 1975; A.A., Young Harris College, Young Harris, Ga., 1977; B.S., University of Georgia, Athens, Ga., 1980; pharmacist; business owner; member of the Pooler, Ga., city council, 1994-1995; Mayor of Pooler, Ga., 1996-2004; member of the Georgia state house of representatives, 2005-2009; member of the Georgia state senate, 2009-2014; elected as a Republican to the One Hundred Fourteenth and to the four succeeding Congresses (January 3, 2015-present)."
G000557,"A Representative from Alabama; born in Shreveport, Caddo Parish, La., August 6, 1942; attended Loyola University, Chicago, Ill., 1962-1964; B.S., Louisiana State University, Baton Rouge, La., 1966; M.D., Louisiana State University, Baton Rouge, La., 1970; United States Army Reserve, 1970-1973; teacher; physician; businessman; real estate developer; unsuccessful candidate for mayor of Huntsville, Ala., in 2004; member, Alabama state senate, 2006-2008; elected as a Democrat to the One Hundred Eleventh Congress; changed from the Democratic to Republican Party on December 22, 2009 (January 3, 2009-January 3, 2011); unsuccessful candidate for nomination for One Hundred Twelfth Congress in 2010; unsuccessful candidate for Governor of Alabama in 2014."
G000572,"A Representative from Texas; born in Alpine, Brewster County, Tex., December 2, 1961; graduated from Alpine High School, Alpine, Tex., 1980; B.A., Sul Ross State University, Alpine, Tex., 1982; J.D., University of Texas, Austin, Tex., 1985; lawyer; assistant attorney general, Office of the Attorney General, State of Texas, 1986-1989; member of the Texas state house of representatives, 1991-2012; chairman, Texas state house of representatives Democratic caucus, 1991-2001; elected as a Democrat to the One Hundred Thirteenth Congress (January 3, 2013-January 3, 2015); unsuccessful candidate for reelection to the One Hundred Fourteenth Congress in 2014; unsuccessful candidate for election to the One Hundred Fifteenth Congress in 2016."
B000617,"A Representative from Texas; born in San Antonio, Bexar County, Tex., January 2, 1954; graduated from South San Antonio High School, San Antonio, Tex., 1972; B.J., University of Texas, Austin, Tex., 1976; journalist; broadcasting executive; elected as a Republican to the One Hundred Third and to the six succeeding Congresses (January 3, 1993-January 3, 2007); unsuccessful candidate for reelection to the One Hundred Tenth Congress."
M000404,"A Representative from Washington; born in Chicago, Cook County, Ill., December 28, 1936; B.S., Wheaton College, Wheaton, Ill., 1958; M.D., University of Illinois, Chicago, Ill., 1963; residence in adult psychiatry, University of Illinois hospitals, 1964-1966; residency in child psychiatry, University of Washington hospitals, Seattle, Wash., 1966-1968; United States Navy Medical Corps, 1968-1970; psychiatrist; faculty member, University of Washington, Seattle, Wash., 1970-1983; member of the Washington state house of representatives, 1971-1972; unsuccessful candidate for nomination as Governor of Washington in 1972; member of the Washington state senate, 1975-1987; unsuccessful candidate for election as governor of Washington in 1980; unsuccessful candidate for nomination as Governor of Washington in 1984; medical officer, United States Foreign Service, 1987-1988; elected as a Democrat to the One Hundred First and to the thirteen succeeding Congresses (January 3, 1989-January 3, 2017); chair, Committee on Standards of Official Conduct (One Hundred Third Congress); was not a candidate for reelection to the One Hundred Fifteenth Congress in 2016."
D000630,"a Representative from New York; born in Schenectady, Schenectady County, N.Y., January 28, 1977; graduated from Notre Dame-Bishop Gibbons High School, Schenectady, N.Y., 1995; B.A., Colgate University, Hamilton, N.Y., 1999; Rhodes Scholar, M.A., Oxford University, Oxford, England, 2001; J.D., Harvard University, Cambridge, Mass., 2005; musician; lawyer, private practice; elected as a Democrat to the One Hundred Sixteenth and to the succeeding Congress until his resignation on May 25, 2022 (January 3, 2019-May 25, 2022); lieutenant governor of New York, 2022-present."
T000467,"a Representative from Pennsylvania; born in Howard, Centre County, Pa., July 27, 1959; B.S., Pennsylvania State University, University Park, Pa., 1981; M.Ed., Temple University, Philadelphia, Pa., 1988; rehabilitation therapist manager; member of the Bald Eagle, Pa., school board, 1990-1995; unsuccessful candidate for nomination to the Pennsylvania state house of representatives in 1998 and 2000; chair, Centre County Pa., Republican Party, 2002-2008; elected as a Republican to the One Hundred Eleventh and to the seven succeeding Congresses (January 3, 2009-present); chair, Committee on Agriculture (One Hundred Eighteenth Congress)."
C001117,"A Representative from Illinois; born in Dublin, Ireland, November 23, 1971; graduated from Woodlands High School, Hartsdale, NY, 1989; B.A., Middlebury College, Middlebury, Vt., 1993; M.S., Dartmouth College, Hanover, N.H., 1998; M.E.M., Dartmouth College, Hanover, N.H., 1998; businessman; scientist; consultant; elected as a Democrat to the One Hundred Sixteenth and to the two succeeding Congresses (January 3, 2019-present)."
A000378,"A Representative from Iowa; born in Grand Rapids, Kent County, Michigan, April 20, 1965; graduated from Valley High School, West Des Moines, Iowa; B.A., University of Iowa, Iowa City, Iowa, 1987; M.B.A., Northwestern University, Evanston, Ill., 2002; staff, Iowa department of natural resources; staff, Iowa department of management; staff, Iowa department of administrative services; journalist; elected as a Democrat to the One Hundred Sixteenth and to the succeeding Congress (January 3, 2019-January 3, 2023); unsuccessful candidate for reelection to the One Hundred Eighteenth Congress in 2022."
M001210,"a Representative from North Carolina; born in Raleigh, Wake County, N.C., March 5, 1963; graduated from Raleigh Broughton High School, Raleigh, N.C.; graduated from Davidson College, Davidson, N.C., 1985; M.D., University of North Carolina, Chapel Hill, N.C.; urologic surgeon; member of the North Carolina state house of representatives, 2015-2019; elected as a Republican to the One Hundred Sixteenth Congress, by special election, to fill the vacancy caused by the death of United States Representative Walter Beaman Jones, Jr., and reelected to the two succeeding Congresses (September 10, 2019-present)."
W000268,"A Representative from Pennsylvania; born in Marcus Hook, Delaware County, Pa., July 22, 1947; B.A., West Chester State College, West Chester, Pa., 1969; teacher; volunteer fire chief; mayor of Marcus Hook, Pa., 1977-1982; member of the Delaware County, Pa., county council, 1981-1986; unsuccessful candidate for election to the Ninety-Ninth Congress in 1984; elected as a Republican to the One Hundredth and to the nine succeeding Congresses (January 3, 1987-January 3, 2007); unsuccessful candidate for reelection to the One Hundred Tenth Congress in 2006."
