familyName,givenName,middleName,profileText
White,Hays,Baxter,"A Representative from Kansas; born near Fairfield, Jefferson County, Iowa, on September 21, 1855; attended the rural schools of his native county; engaged in agricultural pursuits; moved to Jewell County, Kans., in 1875 and engaged in agricultural pursuits near Mankato; taught school at Mankato in 1876; member of the State house of representatives 1888-1890; member of the State senate 1900-1904; mayor of Mankato in 1914 and 1915; member of the State tax commission in 1915-1918; elected as a Republican to the Sixty-sixth and to the four succeeding Congresses (March 4, 1919-March 3, 1929); chairman, Committee on Election of President, Vice President, and Representatives (Sixty-eighth through Seventieth Congresses); election unsuccessfully contested by W.H. Clark; was not a candidate for renomination in 1928; died in Mankato, Kans., September 29, 1930; interment in Mount Hope Cemetery."
Lehman,William,,"A Representative from Florida; born in Selma, Dallas County, Ala., October 5, 1913; graduated from Dallas Academy and Selma High School, Selma, Ala., 1930; B.S., University of Alabama, Tuscaloosa, Ala., 1934; attended Oxford University, Oxford, England, 1965; auto dealer; teacher, Miami Norland Junior High School, Miami, Fla., 1963-1964; instructor, Miami Dade Junior College, Miami, Fla., 1965-1966; member, Dade County, Fla., school board, 1966-1972; elected as a Democrat to the Ninety-third and to the nine succeeding Congresses (January 3, 1973-January 3, 1993); was not a candidate for renomination to the One Hundred Third Congress in 1992; died on March 16, 2005, in Miami Beach, Fla."
Ford,Gerald,Rudolph,"A Representative from Michigan, Vice President, and thirty-eighth President of the United States; born in Omaha, Douglas County, Nebr., July 14, 1913; moved to Grand Rapids, Mich., 1914 and attended the public schools; graduated, University of Michigan at Ann Arbor, Mich., 1935; graduated from Yale University Law School, New Haven, Conn., 1941; admitted to the bar in 1941; served in the United States Navy 1942-1946; elected as a Republican to the Eighty-first Congress; reelected to the twelve succeeding Congresses and served from January 3, 1949, until his resignation from the United States House of Representatives December 6, 1973, to become the fortieth Vice President of the United States; minority leader (Eighty-ninth through Ninety-third Congresses); first Vice President to be nominated by the President and confirmed by the Congress pursuant to the twenty-fifth amendment to the Constitution of the United States; sworn in as the thirty-eighth President of the United States, August 9, 1974, when President Richard M. Nixon resigned, and served until January 20, 1977; unsuccessful candidate for election in 1976; died on December 26, 2006, in Rancho Mirage, Calif.; lay in state in the Capitol Rotunda, December 30, 2006, to January 2, 2007; interment at the Gerald R. Ford Presidential Museum and Library, Grand Rapids, Mich."
Mills,Roger,Quarles,"A Representative and a Senator from Texas; born in Todd County, Ky., March 30, 1832; attended the common schools; moved to Texas in 1849; studied law; admitted to the bar in 1852 and commenced practice in Corsicana, Tex.; member, State house of representatives 1859-1860; enlisted in the Confederate Army and served throughout the Civil War, attaining the rank of colonel of the Tenth Regiment, Texas Infantry; elected as a Democrat to the Forty-third and to the nine succeeding Congresses and served from March 4, 1873, until his resignation on March 29, 1892, having been elected Senator; chairman, Committee on Ways and Means (Fiftieth Congress), Committee on Interstate and Foreign Commerce (Fifty-second Congress); elected to the United States Senate in 1892 to fill the vacancy caused by the resignation of John H. Reagan; reelected in 1893 and served from March 30, 1892, to March 3, 1899; was not a candidate for reelection; died in Corsicana, Tex., September 2, 1911; interment in Oakwood Cemetery."
Woods,John,,"A Representative from Ohio; born in Johnstown, Dauphin County, Pa., October 18, 1794; moved with his parents to Ohio, where he attended the common schools; served in the War of 1812; after the war operated a school near Springborough for two years; studied law; was admitted to the bar in 1819 and commenced the practice of his profession in Hamilton, Butler County, Ohio; prosecuting attorney of Butler County 1820-1825; elected to the Nineteenth and Twentieth Congresses (March 4, 1825-March 3, 1829); unsuccessful candidate for reelection in 1828 to the Twenty-first Congress; became editor and publisher of the Hamilton Intelligencer in 1829; State auditor of Ohio from 1845 to 1851; president of the Cincinnati, Hamilton &amp; Indianapolis Railroad; died in Hamilton, Ohio, July 30, 1855; interment in Greenwood Cemetery."
Graham,William,,"A Representative from Indiana; born at sea March 16, 1782; settled with his parents in Harrodsburg, Mercer County, Ky.; attended the public schools; moved to Vallonia, Ind., in 1811; engaged in agricultural pursuits; member of the Territorial house of representatives in 1812; delegate to the State constitutional convention in 1816; member of the State house of representatives 1816-1821 and served as speaker; served in the State senate 1821-1833; elected as a Whig to the Twenty-fifth Congress (March 4, 1837-March 3, 1839); unsuccessful candidate for reelection in 1838 to the Twenty-sixth Congress; resumed agricultural pursuits; died near Vallonia, Ind., August 17, 1858; interment in the White Church Cemetery, Vallonia, Ind."
McCleery,James,,"A Representative from Louisiana; born in Mecca Township, Trumbull County, Ohio, December 2, 1837; attended Oberlin (Ohio) College in 1859 and 1860; served in the Union Army during the Civil War; commissioned second lieutenant of Company A, Forty-first Regiment, Ohio Volunteer Infantry, in 1861, and promoted through the ranks to major in 1865; entered the Regular Army as captain in the Forty-fifth Infantry in 1866 and subsequently received the brevets of major and brigadier general of Volunteers; retired December 15, 1870, and settled in St. Mary Parish, La.; purchased a plantation; practiced law and was connected with the Freedmen's Bureau in North Carolina and Louisiana; moved to Shreveport, La.; appointed superintendent of public education for the fourth division; elected as a Republican to the Forty-second Congress and served from March 4, 1871, until his death while on a visit in New York City November 5, 1871; interment in the Christian Church Cemetery, Cortland, Ohio."
Dyer,Leonidas,Carstarphen,"A Representative from Missouri; born near Warrenton, Warren County, Mo., June 11, 1871; attended the common schools, Central Wesleyan College, Warrenton, Mo., and Washington University, St. Louis, Mo.; studied law; was admitted to the bar in 1893 and commenced practice in St. Louis, Mo.; served in the Spanish-American War; was a member of the staff of Governor Hadley of Missouri, with the rank of colonel; commander in chief of the Spanish War Veterans in 1915 and 1916; elected as a Republican to the Sixty-second Congress (March 4, 1911-March 3, 1913); presented credentials as a Member-elect to the Sixty-third Congress and served from March 4, 1913, to June 19, 1914, when he was succeeded by Michael J. Gill, who contested his election; elected to the Sixty-fourth and to the eight succeeding Congresses (March 4, 1915-March 3, 1933); unsuccessful candidate for reelection in 1932 to the Seventy-third Congress and for election in 1934 to the Seventy-fourth Congress and in 1936 to the Seventy-fifth Congress; resumed the practice of law; died in St. Louis, Mo., December 15, 1957; interment in Oak Grove Cemetery."
Owens,Burgess,,"a Representative from Utah; born in Columbus, Franklin County, Ohio, August 2, 1951; graduated from James S. Rickards High School, Tallahassee, Fla., 1969; B.S., University of Miami, Coral Gables, Fla., 1975; professional athlete; business executive; nonprofit executive; entrepreneur; elected as a Republican to the One Hundred Seventeenth and to the succeeding Congress (January 3, 2021-present)."
Preston,Francis,,"A Representative from Virginia; born in Greenfield, Botetourt County, Va., August 2, 1765; was graduated from the College of William and Mary, Williamsburg, Va., in 1783; studied law; was admitted to the bar and practiced in Montgomery and Washington Counties; member of the state house of delegates in 1788 and 1789; elected as an Anti-Administration candidate to the Third Congress and reelected as a Republican to the Fourth Congress (March 4, 1793-March 3, 1797); declined to be a candidate for renomination; settled in Abingdon, Va., and resumed the practice of law; again a member of the state house of delegates 1812-1814; colonel of Volunteers in the War of 1812; served in the state senate 1816-1820; died at the home of his son, William C. Preston, in Columbia, S.C., May 26, 1835; interment in Aspinvale Cemetery, near Seven Mile Ford, Va."
McNerney,Jerry,,"a Representative from California; born in Albuquerque, Bernalillo County, N. Mex., June 18, 1951; attended the United States Military Academy, West Point, N.Y., 1969-1971; B.S., University of New Mexico, Albuquerque, N. Mex., 1973; M.S., University of New Mexico, Albuquerque, N. Mex., 1975; Ph.D., University of New Mexico, Albuquerque, N. Mex., 1981; engineer; business owner; unsuccessful candidate for election to the One Hundred Ninth Congress in 2004; elected as a Democrat to the One Hundred Tenth and to the seven succeeding Congresses (January 3, 2007-January 3, 2023); was not a candidate for reelection to the One Hundred Eighteenth Congress in 2022."
Johnson,Anton,Joseph,"A Representative from Illinois; born in Peoria, Ill., October 20, 1878; attended the public schools and the School of Agriculture of the University of Missouri at Columbia; served as first sergeant, Fifth Infantry, Company G, Illinois National Guard, 1898-1901; letter carrier, Peoria, Ill., 1900-1913; engaged in agricultural pursuits near Peoria, Ill., 1913-1921; engaged in dairy-products manufacturing in Macomb, Ill., 1926-1938; president of the Illinois Milk Dealers' Association 1931-1936; president of the Illinois Dairy Products Association in 1937; elected as a Republican to the Seventy-sixth and to the four succeeding Congresses (January 3, 1939-January 3, 1949); was not a candidate for renomination in 1948 to the Eighty-first Congress; elected mayor of Macomb, Ill., in 1949 for a four-year term but resigned after serving two years; died in Macomb, Ill., on April 16, 1958; interment in Springdale Cemetery, Peoria, Ill."
Paul,John,,"(Father of John Paul [1883-1964]), a Representative from Virginia; born in Rockingham County, Va., June 30, 1839; attended the common schools and Roanoke College, Salem, Va.; during the Civil War entered the Confederate Army and became a captain in the First Virginia Cavalry; studied law in the University of Virginia at Charlottesville and was graduated in 1867; was admitted to the bar in 1867 and commenced practice in Harrisonburg, Va.; Commonwealth attorney of Rockingham County 1870-1877; served in the State senate 1877-1880; unsuccessful candidate for election in 1878 to the Forty-sixth Congress; elected as a Readjuster Democrat to the Forty-seventh Congress (March 4, 1881-March 3, 1883); presented credentials as a Member-elect to the Forty-eighth Congress and served from March 4, 1883, until September 5, 1883, when he resigned, having been appointed to a judicial position; the election subsequently was successfully contested by Charles T. O'Farrall; appointed judge of the United States District Court for the Western District of Virginia by President Arthur and served from September 5, 1883, until his death in Harrisonburg, Va., November 1, 1901; interment in Woodbine Cemetery."
Kasich,John,Richard,"A Representative from Ohio; born in McKees Rocks, Allegheny County, Pa., May 13, 1952; attended the public schools in McKees Rocks; B.A., Ohio State University, Columbus, 1974; administrative assistant to State senator, 1975-1977; elected to the Ohio Legislature, 1979-1982; elected as a Republican to the Ninety-eighth and to the eight succeeding Congresses (January 3, 1983-January 3, 2001); chairman, Committee on the Budget (One Hundred Fourth through One Hundred Sixth Congresses); was not a candidate for reelection to the One Hundred Seventh Congress; unsuccessful candidate for the Republican nomination for President of the United States in 2016; Governor of Ohio, 2011-present."
Adams,Wilbur,Louis,"A Representative from Delaware; born in Georgetown, Sussex County, Del., October 23, 1884; attended the public schools, Delaware College, Newark, Del., and Dickinson College, Carlisle, Pa.; was graduated from the law department of the University of Pennsylvania at Philadelphia in 1907; was admitted to the bar the same year and commenced practice in Wilmington, Del.; unsuccessful candidate for election as attorney general in 1924; elected as a Democrat to the Seventy-third Congress (March 4, 1933-January 3, 1935); was not a candidate for renomination in 1934, but was an unsuccessful candidate for election to the United States Senate; moved to Georgetown, Del., in 1934 and continued the practice of law; acting postmaster of Georgetown, Del., from May 6, 1937, until his death; died in Lewes, Del., on December 4, 1937; interment in Union Cemetery, Georgetown, Del."
Negrete McLeod,Gloria,,"A Representative from California; born in Los Angeles, Los Angeles County, Calif., September 6, 1941; A.A., Chaffey Community College, Rancho Cucamonga, Calif.; instructional aide; member of the Chaffey Community College board, 1995-2000; president of the Chaffey Community College board, 2000; member of the California state assembly, 2000-2006; member of the California state senate, 2006-2012; elected as a Democrat to the One Hundred Thirteenth Congress (January 3, 2013-January 3, 2015); was not a candidate for reelection to the One Hundred Fourteenth Congress in 2014, but was an unsuccessful candidate for election to San Bernadino County, Calif., board of supervisors."
James,Rorer,Abraham,"A Representative from Virginia; born near Brosville, Pittsylvania County, Va., March 1, 1859; instructed by private tutors; attended Roanoke College; was graduated from the Virginia Military Institute at Lexington in 1882 and from the law department of the University of Virginia at Charlottesville in 1887; was admitted to the bar in 1887 and commenced practice in Danville, Va.; became owner and editor of the Danville Register in 1899 and later purchased the Danville Bee; member of the State house of delegates 1889-1892; served in the State senate 1893-1901; delegate to the Democratic National Convention in 1920; chairman of the fifth district Democratic committee; chairman of the Democratic State committee; elected as a Democrat to the Sixty-sixth Congress, by special election, to fill the vacancy caused by the resignation of United States Representative Edward W. Saunders, and reelected to the Sixty-seventh Congress (June 1, 1920-August 6, 1921); died on August 6, 1921, in Danville, Va.; interment in Green Hill Cemetery."
Moseley,Jonathan,Ogden,"A Representative from Connecticut; born in East Haddam, Conn., April 9, 1762; attended the common schools; was graduated from Yale College in 1780; studied law; was admitted to the bar and commenced practice in East Haddam, Conn.; member of the State house of representatives 1794-1804; justice of the peace of East Haddam, Conn., 1794-1817; State's attorney of Middlesex County 1801-1805; colonel of the Twenty-fourth Regiment, Connecticut Militia, in 1802; elected as a Federalist to the Ninth and to the seven succeeding Congresses (March 4, 1805-March 3, 1821); moved to Saginaw, Mich., and continued the practice of law until his death on September 9, 1838."
English,James,Edward,"A Representative and a Senator from Connecticut; born in New Haven, Conn., March 13, 1812; attended the common schools; engaged in the lumber business, banking, and manufacturing; member, New Haven board of selectmen 1847-1861; member, common council 1848-1849; member, State house of representatives 1855; member, State senate 1856-1858; unsuccessful candidate for lieutenant governor 1860; elected as a Democrat to the Thirty-seventh and Thirty-eighth Congresses (March 4, 1861-March 3, 1865); was not a candidate for renomination in 1864; unsuccessful candidate for election as Governor in 1866; elected Governor of Connecticut in 1867, 1868, and 1870; member, State house of representatives 1872; unsuccessful candidate for election in 1872 to the Forty-third Congress; appointed as a Democrat to the United States Senate to fill the vacancy caused by the death of Orris S. Ferry and served from November 27, 1875, to May 17 1876, when a successor was elected; unsuccessful candidate for election in 1876 to fill the vacancy; resumed his manufacturing and commercial activities; died in New Haven, Conn., on March 2, 1890; interment in Evergreen Cemetery."
Nugen,Robert,Hunter,"A Representative from Ohio; born near Hallidays Cove, Washington County, Pa., on July 16, 1809; moved to Ohio in 1811 with his parents, who settled in Columbiana County; received a limited education; moved to Tuscarawas County in 1828; engaged in agricultural pursuits; contractor; held several local offices; delegate to the Democratic National Convention at Charleston in 1860; elected as a Democrat to the Thirty-seventh Congress (March 4, 1861-March 3, 1863); superintendent of the Ohio Canal until his death in Newcomerstown, Tuscarawas County, Ohio, February 28, 1872; interment in Newcomerstown Cemetery."
Taylor,John,W.,"A Representative from New York; born in Charlton, N.Y., March 26, 1784; received his early education at home; was graduated from Union College, Schenectady, N.Y., in 1803; studied law; was admitted to the bar in 1807 and commenced practice in Ballston Spa, N.Y.; organized the Ballston Center Academy; justice of the peace in 1808; member of the state assembly in 1812 and 1813; elected as a Republican to the Thirteenth Congress and reelected to the four succeeding Congresses, elected as an Adams-Clay Republican to the Eighteenth Congress, reelected as an Adams candidate to the Nineteenth and Twentieth Congresses, and elected as an Anti-Jacksonian to the Twenty-first and Twenty-second Congresses (March 4, 1813-March 3, 1833); chairman, Committee on Elections (Fourteenth and Fifteenth Congresses), Committee on Revisal and Unfinished Business (Fifteenth Congress), Committee on Elections (Sixteenth Congress); Speaker of the House of Representatives (Sixteenth and Nineteenth Congresses); unsuccessful candidate for reelection in 1832 to the Twenty-third Congress; resumed the practice of law in Ballston Spa, N.Y.; member of the state senate in 1840 and 1841, but resigned in consequence of a paralytic stroke; moved to Cleveland, Ohio, in 1843, and died there September 18, 1854; interment in the Ballston Spa Village Cemetery, Ballston Spa, Saratoga County, N.Y."
Posey,Francis,Blackburn,"A Representative from Indiana; born in Petersburg, Pike County, Ind., April 28, 1848; attended the public schools, Blythewood Academy, and Indiana Asbury (now De Pauw) University, Greencastle, Ind.; was graduated from the law department of the Indiana University at Bloomington in 1869; was admitted to the bar the same year and commenced practice in Petersburg, Ind.; delegate to the Republican National Convention in 1884; unsuccessful Republican candidate for election in 1888 to the Fifty-first Congress; was subsequently elected to the Fiftieth Congress to fill the vacancy caused by the resignation of Alvin P. Hovey and served from January 29, 1889, to March 3, 1889; resumed the practice of law in Evansville, Ind.; surveyor of the port of Evansville 1903-1913; died in Rockport, Spencer County, Ind., on October 31, 1915; interment in Walnut Hills Cemetery, Petersburg, Ind."
Allen,Charles,,"A Representative from Massachusetts; born in Worcester, Mass., August 9, 1797; attended the Leicester Academy 1809-1811 and Yale College in 1811 and 1812; studied law; was admitted to the bar in 1818 and commenced practice in New Braintree; moved to Worcester in 1824 and continued the practice of law; member of the State house of representatives 1830, 1833, 1835, and 1840; served in the State senate 1836 and 1837; member of the Northeastern Boundary Commission in 1842; judge of the court of common pleas 1842-1845; delegate to the Whig National Convention at Philadelphia in 1848; elected by the Free-Soil Party to the Thirty-first and Thirty-second Congresses (March 4, 1849-March 3, 1853); was not a candidate for renomination in 1852; resumed the practice of law; member of the State constitutional convention in 1853; chief justice of the Suffolk County Superior Court 1859-1867; delegate to the peace convention held at Washington, D.C., in 1861, in an effort to devise means to prevent the impending war; died in Worcester, Mass., August 6, 1869; interment in the Rural Cemetery."
Hutto,Earl,Dewitt,"A Representative from Florida; born in Midland City, Dale County, Ala., May 12, 1926; attended the Dale County public schools; B.S., Troy State University, 1949; graduate work in broadcasting, Northwestern University, Evanston, Ill., 1951; served in United States Navy, 1944-1946; worked as sports director and president of radio stations, 1954-1974; owner of an advertising agency, 1973-1979; elected to Florida house of representatives, 1972, reelected in 1974 and 1976; elected as a Democrat to the Ninety-sixth and to the seven succeeding Congresses (January 3, 1979-January 3, 1995); not a candidate for reelection to the One Hundred Fourth Congress; died on December 14, 2020, in Pensacola, Fla."
Olin,James,R.,"A Representative from Virginia; born in Chicago, Ill., February 28, 1920; graduated from Deep Springs College, Deep Springs, Calif., 1941; received B.E.E. degree, Cornell University, Ithaca, N.Y., 1943; United States Army Signal Corps, World War II, 1943-1946; elected supervisor Town of Rotherdam, N.Y., and country board of supervisors, Schenectady County, N.Y., 1953; employed for 35 years by General Electric Co., until retirement January 1982, after serving as corporate vice president and general manager, industrial electronics division; elected as a Democrat to the Ninety-eighth and to the four succeeding Congresses (January 3, 1983-January 3, 1993); was not a candidate for renomination to the One Hundred Third Congress in 1992; died on July 29, 2006, in Charlottesville, Va."
Davidson,James,Henry,"A Representative from Wisconsin; born in Colchester, Delaware County, N.Y., June 18, 1858; attended the public schools and Walton (N.Y.) Academy; taught school in Delaware and Sullivan Counties, N.Y.; was graduated from the Albany Law School in 1884 and was admitted to the bar the same year; moved to Green Lake County, Wis., and commenced practice in Princeton in 1887; also taught school; elected district attorney of Green Lake County in 1888; chairman of the Republican congressional committee for the sixth district of Wisconsin in 1890; moved to Oshkosh, Wis., January 1, 1892, and continued the practice of law; appointed city attorney in May 1895 for two years; elected as a Republican to the Fifty-fifth and to the seven succeeding Congresses (March 4, 1897-March 3, 1913); chairman, Committee on Railways and Canals (Fifty-sixth through Sixty-first Congresses); unsuccessful candidate for reelection in 1912 to the Sixty-third Congress and for election in 1914 to the Sixty-fourth Congress; resumed the practice of his profession; elected to the Sixty-fifth Congress and served from March 4, 1917, until his death in Washington, D.C., August 6, 1918; interment in Riverside Cemetery, Oshkosh, Wis."
Ketchum,William,Matthew,"A Representative from California; born in Los Angeles on September 2, 1921; attended schools in Los Angeles County and military school in North Hollywood, Calif.; attended Colorado School of Mines, 1939-1940, and the University of Southern California, 1940-1942; entered the United States Army in 1942 and served in the Pacific before discharge in 1946; recalled into service during the Korean War and served 1950-1953; owned and operated a hardware and auto-supply store, 1946-1950; salesman, 1953-1957; engaged in cattle ranching and farming; member, Republican State Central committee, 1964-1966; member, California assembly, 1967-1972; delegate to the Republican National Convention, 1968; elected as a Republican to the Ninety-third and to the two succeeding Congresses and served from January 3, 1973, until his death in Bakersfield, Calif., on June 24, 1978."
Paca,William,,"A Delegate from Maryland; born at ``Wye Hall,'' near Abingdon, Queen Anne (now Harford) County, Md., October 31, 1740; was graduated from Philadelphia College in 1759; studied law in Annapolis, Md., and in the Middle Temple, London, England; was admitted to the bar in 1764; returned home and commenced the practice of his profession at Annapolis in 1764; member of the provincial assembly 1771-1774; Member of the Continental Congress 1774-1779; a signer of the Declaration of Independence; served in the state senate 1777-1779; chief judge of the superior court of Maryland 1778-1780; chief justice of the court of appeals in prize and admiralty cases 1780-1782; governor of Maryland from November 1782 to November 1785; was influential in establishing Washington College in Chestertown, Md., in 1786; delegate to the state convention in 1788 which ratified the Federal Constitution; appointed by President Washington as judge of the United States Court for Maryland and served from 1789 until his death at ``Wye Hall,'' Queen Anne County, Md., October 23, 1799; interment in the family burial ground, Queen Anne County, Md."
Messer,Luke,,"A Representative from Indiana; born in Evansville, Vanderburgh County, Ind., February, 27, 1969; graduated from Greensburg Community High School, Greensburg, Ind., 1987; B.A., Wabash College, Crawfordsville, Ind., 1991; J.D., Vanderbilt University, Nashville, Tenn., 1994; lawyer, private practice; staff, United States Representative John J. Duncan, Jr., of Tennessee, 1997; staff, United States Representative Ed Bryant of Tennessee, 1998; staff, United States House of Representatives Committee on Government Reform, 1999; executive director, Indiana Republican Party, 2001-2005; member of the Indiana state house of representatives, 2003-2006; unsuccessful candidate for nomination to the One Hundred Seventh Congress in 2000; unsuccessful candidate for nomination to the One Hundred Twelfth in 2010; elected as a Republican to the One Hundred Thirteenth and to the two succeeding Congresses (January 3, 2013-January 3, 2019); was not a candidate for reelection to the One Hundred Sixteenth Congress in 2018, but was an unsuccessful candidate for nomination to the United States Senate."
Fowler,Orin,,"A Representative from Massachusetts; born in Lebanon, Conn., July 29, 1791; pursued classical studies and attended Williams College, Williamstown, Mass.; was graduated from Yale College in 1814; studied theology and pursued extensive missionary work in the Valley of the Mississippi; finally settled as a minister in Plainfield, Conn., in 1820; moved to Fall River, Mass., in 1829, where he was installed as pastor of the Congregational Church in 1831; wrote a history of Fall River in 1841; served in the State senate in 1848; elected as a Whig to the Thirty-first and Thirty-second Congresses and served from March 4, 1849, until his death in Washington, D.C., September 3, 1852; interment in the North Burial Ground, Fall River, Mass."
Meigs,Henry,,"A Representative from New York; born in New Haven, Conn., October 28, 1782; attended the common schools; was graduated from Yale College in 1799; studied law; was admitted to the bar and commenced practice in New York City; served in the War of 1812 with the rank of adjutant; member of the state assembly in 1818; elected as a Republican to the Sixteenth Congress (March 4, 1819-March 3, 1821); chairman, Committee on Expenditures on Public Buildings (Sixteenth Congress); served as president of the board of aldermen of New York City in 1832 and 1833; judge of one of the city courts and afterward clerk of the court of general sessions; elected recording secretary of the American Institute in 1845, and retained this position in connection with the secretaryship of the Farmers' Club until his death; died in New York City on May 20, 1861; interment in St. Ann's Churchyard, Perth Amboy, N.J."
Harris,William,Julius,"(Great-grandson of Charles Hooks), a Senator from Georgia; born in Cedartown, Polk County, Ga., February 3, 1868; attended the common schools and graduated from the University of Georgia at Athens in 1890; engaged in the general insurance business and banking at Cedartown; served as private secretary to United States Senator Alexander S. Clay 1904-1909; member, State senate 1911-1912; Director of the United States Census Bureau 1913-1915, when he resigned to become a member of the Federal Trade Commission; Acting Secretary of the Department of Commerce 1913-1915; member of the Federal Trade Commission 1915-1918, when he resigned to become a candidate for United States Senator; chairman of the commission 1917-1918; elected as a Democrat to the United States Senate in 1918; reelected in 1924 and in 1930 and served from March 4, 1919, until his death; member of the National Forest Reservation Commission 1929-1932; died in Washington, D.C., April 18, 1932; funeral services were held in the Chamber of the United States Senate; interment in Greenwood Cemetery, Cedartown, Ga."
Livermore,Edward,St. Loe,"A Representative from Massachusetts; born in Portsmouth, N.H., April 5, 1762; pursued classical studies; studied law; was admitted to the bar and commenced practice in Concord, N.H., in 1783 and later practiced in Portsmouth, N.H.; United States district attorney 1789-1797; State solicitor for Rockingham County 1791-1793; associate justice of the State supreme court 1797-1799; naval officer for the port of Portsmouth 1799-1802; moved to Newburyport, Mass., in 1802; elected as a Federalist to the Tenth and Eleventh Congresses (March 4, 1807-March 3, 1811); was not a candidate for renomination in 1810; resumed the practice of law; moved to Boston, Mass., in 1811, thence to Zanesville, Ohio, in 1815; returned to Boston, and then moved to Tewksbury, Middlesex County, Mass., where he lived in retirement until his death there on September 15, 1832; interment in the Granary Burying Ground, Boston, Mass."
Webb,Edwin,Yates,"A Representative from North Carolina; born in Shelby, Cleveland County, N.C., May 23, 1872; attended the Shelby Military Institute, and was graduated from Wake Forest (N.C.) College in June 1893; studied law at the University of North Carolina at Chapel Hill in 1893 and 1894; was admitted to the bar in 1894 and commenced practice in Shelby; entered the University of Virginia Law School at Charlottesville in 1896 and completed a postgraduate course; member of the State senate in 1901; appointed a trustee of Wake Forest College in 1898; appointed trustee of the Agricultural and Mechanical College of Raleigh by the legislature in 1899 and served two years; chairman of the Democratic senatorial district in 1896; chairman of the Democratic county executive committee 1898-1902; temporary chairman of the Democratic State convention in 1900; elected as a Democrat to the Fifty-eighth and to the eight succeeding Congresses and served from March 4, 1903, to November 10, 1919, when he resigned to accept a judicial position; chairman, Committee on the Judiciary (Sixty-third through Sixty-fifth Congresses); one of the managers appointed by the House of Representatives in 1912 to conduct impeachment proceedings against Robert W. Archbald, judge of the United States Commerce Court; appointed United States district judge for the western district of North Carolina November 5, 1919, and served until his retirement March 1, 1948; died while visiting in Wilmington, N.C., February 7, 1955; interment in Sunset Cemetery, Shelby, N.C."
Maury,Abram,Poindexter,"A Representative from Tennessee; born near Franklin, Williamson County, Tenn., December 26, 1801; completed preparatory studies and was editor of a newspaper in St. Louis, Mo., at the age of sixteen; entered the United States Military Academy, West Point, N.Y., in 1820, but left the following year to study law and edit a newspaper in Nashville, Tenn.; member of the state house of representatives in 1831, 1832, 1843, and 1844; was admitted to the bar in 1839 and practiced in Williamson County; elected as an Anti-Jacksonian to the Twenty-fourth Congress and reelected as a Whig to the Twenty-fifth Congress (March 4, 1835-March 3, 1839); was not a candidate for renomination in 1838; resumed the practice of law in Williamson County; also engaged in literary pursuits and lecturing; served in the state senate in 1845 and 1846; died near Franklin, Tenn., July 22, 1848; interment in the family cemetery at his home near Franklin, Tenn."
Hill,William,David,"A Representative from Ohio; born in Nelson County, Va., October 1, 1833; attended the country schools and Antioch College; moved to Springfield, Ohio, and published the Ohio Press in 1858; studied law; was admitted to the bar in 1859 and commenced practice in Springfield, Ohio; mayor of Springfield 1861-1863; member of the State house of representatives 1866-1870; member of the Board of Education of Defiance, Ohio; superintendent of insurance 1875-1878; delegate to the Democratic National Convention in 1880 and 1888; elected as a Democrat to the Forty-sixth Congress (March 4, 1879-March 3, 1881); elected to the Forty-eighth and Forty-ninth Congresses (March 4, 1883-March 3, 1887); chairman, Committee on Territories (Forty-ninth Congress); unsuccessful candidate for reelection in 1886 to the Fiftieth Congress; resumed the practice of law in Defiance, Ohio; moved to Kalispell, Mont., in 1891; returned to Defiance in 1896 and continued the practice of law; city solicitor of Defiance 1903-1905; died near Litchfield, Ill., while en route to Los Angeles, Calif., December 26, 1906; interment in Riverside Cemetery, Defiance, Ohio."
Witherspoon,Robert,,"A Representative from South Carolina; born near Kingstree, Williamsburg County, S.C., January 29, 1767; attended local schools; elected State treasurer in 1800 and served one term; was a member of the State house of representatives, 1792-1794, 1802-1804, 1806-1808, 1816-1817; elected as a Republican to the Eleventh Congress (March 4, 1809-March 3, 1811); declined to be a candidate for reelection; had large planting interests in Sumter County, S.C.; opposed the nullification act in 1832; died near Mayesville, Sumter County, S.C., October 11, 1837; interment in the Salem Brick Church Cemetery."
Gingery,Don,,"A Representative from Pennsylvania; born in Woodland, Clearfield County, Pa., February 19, 1884; moved to Clearfield, Pa., in 1892; attended the public schools of Clearfield, Pa., Mercersburg (Pa.) Academy, and Ohio Northern University at Ada; was engaged in the hardware and mine-supply business from 1902 to 1934; also engaged as a civil engineer in 1903; member of the State house of representatives in 1915 and 1916; served in the Pennsylvania National Guard, in grades from private to captain, 1902-1906; chairman of the Clearfield County Democratic committee in 1916 and 1917; member of the Democratic State committee in 1919 and 1920; member of the official delegation attending the inauguration of President Manuel Quezon of the Philippine Republic at Manila, in 1935; elected as a Democrat to the Seventy-fourth and Seventy-fifth Congresses (January 3, 1935-January 3, 1939); unsuccessful candidate for reelection in 1938 to the Seventy-sixth Congress; associated with the Bituminous Coal Division, the Coal Mines Administration, and the Solid Fuels Administration for War of the United States Department of the Interior, at Altoona, Pa., 1939-1946; died in Clearfield, Pa., October 15, 1961; interment in Hillcrest Cemetery."
Minor,Edward,Sloman,"A Representative from Wisconsin; born at Point Peninsula, Jefferson County, N.Y., December 13, 1840; moved to Wisconsin in 1845 with his parents, who settled in Greenfield, Milwaukee County, and subsequently in the city of Milwaukee; attended the common schools; went with his parents to a farm in Sheboygan County in 1852 and engaged in agricultural pursuits; completed a common-school education; enlisted as a private in Company G, Second Regiment, Wisconsin Volunteer Cavalry, in 1861; mustered out as first lieutenant in November 1865; engaged in the hardware business in Sturgeon Bay, Wis., 1865-1884; member of the Wisconsin assembly in 1877, 1881, and 1882; served in the State senate 1883-1886 and as president pro tempore of the senate during the last term; superintendent of the Sturgeon Bay and Lake Michigan Ship Canal 1884-1891; member of the Wisconsin Fish Commission for four years; mayor of Sturgeon Bay in 1894; elected as a Republican to the Fifty-fourth and to the five succeeding Congresses (March 4, 1895-March 3, 1907); chairman, Committee on Expenditures in the Department of the Interior (Fifty-eighth and Fifty-ninth Congresses); unsuccessful candidate for renomination in 1906; engaged in horticulture; postmaster of Sturgeon Bay 1911-1915; again mayor of Sturgeon Bay in 1918; died at Sturgeon Bay, Wis., July 26, 1924; interment in Bayside Cemetery."
Thompson,Philip,Burton,"A Representative from Kentucky; born in Harrodsburg, Mercer County, Ky., October 15, 1845; attended the common schools and the University of Kentucky at Lexington; during the Civil War entered the Confederate Army at the age of sixteen and served throughout the war; studied law; was admitted to the bar in 1866 and commenced practice in Harrodsburg; was city attorney of Harrodsburg 1867-1869; was appointed in 1869 and subsequently elected Commonwealth attorney for the thirteenth judicial district of Kentucky, serving until 1874; reelected in 1874 and served until 1878, when he resigned, having been elected to Congress; elected as a Democrat to the Forty-sixth, Forty-seventh, and Forty-eighth Congresses (March 4, 1879-March 3, 1885); chairman, Committee on Expenditures in the Department of War (Forty-eighth Congress); delegate to the Democratic National Convention in 1884; moved to New York City and resumed the practice of law; died in Washington, D.C., December 15, 1909; interment in Spring Hill Cemetery, Harrodsburg, Ky."
Crouch,Edward,,"A Representative from Pennsylvania; born at Walnut Hill, near Highspire, Paxtang Township, Lancaster (now Dauphin) County, Pa., on November 9, 1764; attended the common schools; at the age of seventeen enlisted during the Revolutionary War; commanded a company in the Whisky Insurrection of 1794; engaged in mercantile pursuits at Walnut Hill; member of the State house of representatives 1804-1806; appointed associate judge of Dauphin County April 16, 1813, but resigned upon election to Congress; elected as a Republican to the Thirteenth Congress to fill the vacancy caused by the resignation of John Gloninger and served from October 12, 1813, until March 3, 1815; was not a candidate for renomination; returned to Walnut Hill, Paxtang Township, Dauphin County, Pa., and resided there until his death, on February 2, 1827; interment in Paxtang Cemetery."
Monaghan,Joseph,Patrick,"A Representative from Montana; born in Butte, Mont., March 26, 1906; attended public and parochial schools; graduated from Mount St. Charles (Carroll College), Helena, Mont., in 1928; member of the State house of representatives 1929-1931; studied law at Montana State University at Missoula; was admitted to the bar in 1931 and commenced practice in Butte, Mont.; unsuccessful candidate for election in 1930 to the Seventy-second Congress; elected as a Democrat to the Seventy-third and Seventy-fourth Congresses (March 4, 1933-January 3, 1937); did not seek renomination in 1936, but was unsuccessful both as a candidate for the Democratic nomination for United States Senator and for election as an Independent candidate for the same office; resumed the practice of law; unsuccessful candidate for the Democratic nomination to the United States Senate in 1964; was a resident of Butte, Mont., until his death there on July 4, 1985; interment in Sunset Memorial Park."
Pickle,James,Jarrell,"A Representative from Texas; born in Big Spring, Howard County, Tex., October 11, 1913; educated in the public schools of Big Spring, Tex.; B.A., University of Texas, Austin, Tex., 1938; United States Navy, served three and a half years; area director, National Youth Administration, 1938-1941; radio business; public relations executive; director of Texas state Democratic executive committee, 1957-1960; member of Texas Employment Commission, 1961-1963; elected as a Democrat to the Eighty-eighth Congress, by special election, to fill the vacancy caused by the resignation of United States Representative Homer Thornberry, and reelected to the fifteen succeeding Congresses (December 21, 1963-January 3, 1995); not a candidate for reelection to the One Hundred Fourth Congress in 1994; died on June 18, 2005, in Austin, Tex."
Stewart,William,,"A Representative from Pennsylvania; born in Mercer, Mercer County, Pa., September 10, 1810; attended the public schools; was graduated from Jefferson College, Canonsburg, Pa.; studied law; was admitted to the bar and commenced practice in Mercer, Pa.; member of the State senate; elected as a Republican to the Thirty-fifth and Thirty-sixth Congresses (March 4, 1857-March 3, 1861); chairman, Committee on Expenditures in the Department of War (Thirty-sixth Congress); resumed the practice of law; died in Mercer, Pa., on October 17, 1876; interment in Mercer Cemetery."
Hoxworth,Stephen,Arnold,"A Representative from Illinois; born in Maquon Township, near Maquon, Knox County, Ill., May 1, 1860; attended the public schools; moved to Blue Springs, Gage County, Nebr., in 1880; engaged in banking and in the grain and implement business; member of the Nebraska State Militia; returned to Illinois in 1885 and engaged in agricultural pursuits near Rapatee, Knox County; served as supervisor of Maquon Township 1907-1912; elected as a Democrat to the Sixty-third Congress (March 4, 1913-March 3, 1915); was not a candidate for renomination in 1914; resumed agricultural pursuits; died in Rapatee, Ill., January 25, 1930; interment in Lyons Cemetery."
De Lano,Milton,,"A Representative from New York; born in Wampsville, Madison County, N.Y., August 11, 1844; attended the common schools; settled in Canastota, N.Y., and engaged in mercantile pursuits for eight years; town clerk of Lenox 1867-1869; sheriff of Madison County, N.Y., 1873-1875 and 1879-1881; engaged in banking, the real-estate business, and in the manufacture of window glass; member of the Canastota Board of Education 1883-1905 and served as president 1893-1905; aided in the organization of the Canastota Northern Railroad Co.; delegate to the Republican National Convention in 1884; elected as a Republican to the Fiftieth and Fifty-first Congresses (March 4, 1887-March 3, 1891); chairman, Committee on Pensions (Fifty-first Congress); declined to be a candidate for renomination in 1890; resumed banking; receiver of the Hudson River Power Co. 1908-1912; became president of the State Bank of Canastota, N.Y., in 1912; died in Syracuse, N.Y., January 2, 1922; interment in Mount Pleasant Cemetery, Canastota, N.Y."
Peyton,Balie,,"A Representative from Tennessee; born near Gallatin, Tenn., November 26, 1803; completed preparatory studies; studied law; was admitted to the bar and commenced practice in Gallatin in 1824; elected as a Jacksonian to the Twenty-third Congress and reelected as an Anti-Jacksonian to the Twenty-fourth Congress (March 4, 1833-March 3, 1837); resumed the practice of law; moved to New Orleans in 1841, having been appointed United States attorney for the eastern district of Louisiana, which position he held for four years; served as aide-de-camp on the staff of Gen. W. J. Worth during the Mexican War; appointed as Minister to Chile by President Taylor and served from August 9, 1849, to September 14, 1853, when he resigned; moved to San Francisco, Calif., in 1853 and continued the practice of law; prosecuting attorney of San Francisco 1853-1859; returned to Gallatin, Tenn., in 1859 and resumed the practice of law; presidential elector on the Constitutional-Union ticket of Bell and Everett in 1860; unsuccessful candidate for election in 1866 to the Fortieth Congress; member of the state senate, 1869-1871; resumed the practice of law; died on his farm near Gallatin, Sumner County, Tenn., August 18, 1878; interment in the family burying ground on his estate."
Bright,Jesse,David,"A Senator from Indiana; born in Norwich, Chenango County, N.Y., December 18, 1812; moved with his parents to Madison, Ind., in 1820; attended the public schools; studied law; admitted to the bar in 1831 and commenced practice in Madison, Jefferson County, Ind.; elected judge of the probate court of Jefferson County in 1834; United States marshal for the district of Indiana 1840-1841; member, State senate 1841-1843; lieutenant governor of Indiana 1843-1845; elected as a Democrat to the United States Senate in 1845; reelected in 1850 and 1856 and served from March 4, 1845, to February 5, 1862, when he was expelled for support of the rebellion; served as President pro tempore of the Senate during the Thirty-third, Thirty-fourth and Thirty-sixth Congresses; chairman, Committee on Enrolled Bills (Twenty-ninth Congress), Committee on Public Buildings (Twenty-ninth Congress), Committee on Revolutionary Claims (Thirtieth Congress), Committee on Roads and Canals (Thirty-first through Thirty third Congresses), Committee on Public Buildings and Grounds (Thirty-fifth and Thirty-sixth Congresses); unsuccessful candidate for election in 1863 to the United States Senate to fill the vacancy caused by his expulsion; moved to Carrollton, Ky., in 1863 and then to Covington, Ky.; member, State house of representatives 1866; president of the Raymond City Coal Co., 1871-1875; moved to Baltimore in 1874; died in Baltimore, Md., May 20, 1875; interment in Greenmount Cemetery."
Caldwell,Joseph,Pearson,"A Representative from North Carolina; born near Olin, Iredell County, N.C., March 5, 1808; attended Bethany Academy, near Statesville, N.C.; studied law; was admitted to the bar and commenced practice in Statesville, N.C.; served in the State senate in 1833 and 1834; member of the State house of commons 1838-1844; elected as a Whig to the Thirty-first and Thirty-second Congresses (March 4, 1849-March 3, 1853); was not a candidate for renomination in 1852; died in Statesville, N.C., June 30, 1853; interment in Old Statesville Cemetery."
Skubitz,Joe,,"A Representative from Kansas; born in Frontenac, Crawford County, Kans., May 6, 1906; attended grade school in Ringo, Kans., and high schools in Girard and Frontenac, Kans.; Kansas State College, Pittsburgh, Kans., B.S., 1929 and M.S., 1934; attended law school at Washburn University, Topeka, Kans., in 1938, and graduated from the law school of George Washington University, Washington, D.C., LL.B., 1944; was admitted to the bar in 1944 and commenced practice in Kansas and the District of Columbia; administrative assistant to Senator Clyde M. Reed, 1939-1949; and Senator Andrew F. Schoeppel, 1949-1962; delegate, Republican National Convention, 1960; elected as a Republican to the Eighty-eighth and to the seven succeeding Congresses and served from January 3, 1963, until his resignation December 31, 1978; was not a candidate for reelection in 1978 to the Ninety-sixth Congress; died in Wichita, Kans., on September 11, 2000; interment at Old Mission Cemetery, Wichita, Kans."
Henry,William,,"A Representative from Vermont; born in Charlestown, N.H., March 22, 1788; attended the common schools; engaged in business in Chester, Vt., and later engaged in manufacturing in Vermont, New York, and Jaffery, N.H.; moved to Bellows Falls, Vt., in 1831; engaged in banking; member of the State house of representatives in 1834 and 1835; served in the State senate in 1836; a director of the Rutland &amp; Burlington Railroad Co.; delegate to the Whig National Convention at Harrisburg, Pa., in 1839; elected as a Whig to the Thirtieth and Thirty-first Congresses (March 4, 1847-March 3, 1851); unsuccessful candidate for election in 1852 to the Thirty-third Congress; resumed banking; presidential elector on the Republican ticket in 1860; died in Bellows Falls, Vt., April 16, 1861; interment in South Street Cemetery, Chester, Vt."
Vance,Robert,Brank,"(Nephew of Robert Brank Vance [1793-1827] and brother of Zebulon Baird Vance), a Representative from North Carolina; born on Reems Creek, near Asheville, Buncombe County, N.C., April 24, 1828; attended the common schools; engaged in mercantile and agricultural pursuits; clerk of the court of pleas and quarter sessions 1848-1856; during the Civil War was elected captain of a company in the Confederate Army; twice elected colonel of the Twenty-ninth North Carolina Regiment; appointed brigadier general in 1863; elected as a Democrat to the Forty-third and to the five succeeding Congresses (March 4, 1873-March 3, 1885); chairman, Committee on Patents (Forty-fourth through Forty-sixth and Forty-eighth Congresses); unsuccessful candidate for renomination in 1884 to the Forty-ninth Congress; United States Assistant Commissioner of Patents from April 11, 1885, to April 4, 1889, when he resigned; returned to North Carolina and settled in Alexander; member of the State house of representatives 1894-1896; died in Alexander, near Asheville, N.C., November 28, 1899; interment in Riverside Cemetery, Asheville, N.C."
Williams,William,Elza,"A Representative from Illinois; born near Detroit, Pike County, Ill., May 5, 1857; attended the public schools and Illinois College, Jacksonville, Ill.; studied law; was admitted to the bar in 1880 and practiced in Detroit and Pittsfield, Ill.; State's attorney of Pike County 1886-1892; member of the board of aldermen of Pittsfield; member of the board of education; became trial lawyer for the City Railway Co. of Chicago in 1903; elected as a Democrat to the Fifty-sixth Congress (March 4, 1899-March 3, 1901); resumed the practice of law in Pittsfield, Ill.; elected to the Sixty-third and Sixty-fourth Congresses (March 4, 1913-March 3, 1917); unsuccessful candidate for reelection in 1916 to the Sixty-fifth Congress and for election in 1918 to the Sixty-sixth Congress; continued the practice of law until his death in Pittsfield, Ill., September 13, 1921; interment in Pittsfield West Cemetery."
Scott,William,Lawrence,"A Representative from Pennsylvania; born in Washington, D.C., July 2, 1828; attended the common schools and Hampden-Sidney Academy in Virginia; page in the House of Representatives 1840-1846; moved to Erie, Pa., in 1846 and was employed as a shipping clerk until 1850; was subsequently engaged in shipping, coal mining, iron manufacturing, banking, and railroad construction; had extensive land holdings and was interested in the raising of cattle; mayor of Erie in 1866 and again in 1871; unsuccessful candidate for election in 1866 to the Fortieth Congress and in 1876 to the Forty-fifth Congress; elected a member of the Democratic National Committee in 1876, 1880, and 1884; delegate to the Democratic National Conventions in 1876, 1880, and 1888; elected as a Democrat to the Forty-ninth and Fiftieth Congresses (March 4, 1885-March 3, 1889); chairman, Committee on Expenditures in the Department of the Navy (Fiftieth Congress); was renominated in 1888 and again in 1890 but each time declined to be a candidate because of the condition of his health; director in a number of railroad companies and president of the Erie &amp; Pittsburgh Railroad at the time of his death in Newport, R.I., September 19, 1891; interment in Erie Cemetery, Erie, Pa."
Bloomfield,Joseph,,"A Representative from New Jersey; born in Woodbridge, Middlesex County, N.J., October 18, 1753; educated at Rev. Enoch Green's school in Deerfield, N.J.; studied law; was admitted to the bar in 1775 and commenced practice in Bridgeton, N.J.; entered the Revolutionary Army as captain of the Third New Jersey Regiment on February 9, 1776; attained the rank of major; resumed the practice of law in Burlington, N.J.; registrar of the admiralty court 1779-1783; State attorney general from 1783 to 1792, when he resigned; trustee of Princeton College from 1793 until his resignation in 1801; Governor of New Jersey 1801-1812; commissioned brigadier general on March 13, 1812, and served until June 15, 1815; elected as a Republican to the Fifteenth Congress and reelected to the Sixteenth Congress (March 4, 1817-March 3, 1821); unsuccessful candidate for reelection to the Seventeenth Congress; died in Burlington, Burlington County, N.J., October 3, 1823; interment in St. Mary's Episcopal Churchyard."
Reed,Joseph,,"A Delegate from Pennsylvania; was born in Trenton, N.J., August 27, 1741; attended Philadelphia Academy; was graduated from the College of New Jersey (now Princeton University) in 1757; studied law; was admitted to the bar in 1762; was a law student in the Temple in London; returned in 1767 and commenced practice in Trenton, N.J.; moved to Philadelphia, Pa., in October 1770; member of the committee of correspondence in 1774; president of the Pennsylvania convention in January 1775; accompanied General Washington to Cambridge as his aide-de-camp and military secretary in July 1775; served during the campaign of 1776 as adjutant general of the Army from June 5, 1776, to January 22, 1777; Member of the Continental Congress in 1778; president of the supreme executive council of Pennsylvania 1778-1781; trustee of the University of Pennsylvania, 1782-1785; died in Philadelphia March 5, 1785; interment in the Arch Street Presbyterian Church Cemetery."
Samford,William,James,"A Representative from Alabama; born in Greenville, Meriwether County, Ga., September 16, 1844; moved in early childhood with his parents to Chambers County, Ala.; attended a private school in Auburn, Ala., and the University of Georgia at Athens in 1860; enlisted in the Confederate Army in 1862 as a private in the Forty-sixth Alabama Regiment; promoted to first lieutenant and was in command of a company at the close of the war; studied law; was admitted to the bar in 1867 and commenced practice in Opelika, Lee County, Ala., in 1867; delegate to the State constitutional convention in 1875; elected as a Democrat to the Forty-sixth Congress (March 4, 1879-March 3, 1881); was not a candidate for renomination in 1880; again resumed the practice of his profession; member of the State house of representatives in 1882; served in the State senate 1884-1886 and in 1892 and was its president in 1886; Governor of Alabama in 1900 and 1901; president of the board of trustees of the University of Alabama; died in Tuscaloosa, Ala., June 11, 1901; interment in Rosemere Cemetery, Opelika, Ala."
Hansen,Clifford,Peter,"A Senator from Wyoming; born in Zenith, Teton (then Lincoln) County, Wyo., October 16, 1912; attended the public schools of Jackson, Wyo.; graduated from the University of Wyoming in 1934; member, University of Wyoming Board of Trustees 1946-1966, serving as president 1955-1962; engaged in cattle ranching; officer of the Wyoming Stock Growers Association, the American National Cattlemen's Association, and the Livestock Research and Marketing Advisory Committee; Columbia Interstate Compact commissioner; Snake River Compact commissioner; Teton County commissioner 1943-1951; Governor of Wyoming 1963-1967; elected as a Republican to the United States Senate in 1966; reelected in 1972, and served from January 3, 1967, until his resignation December 31, 1978; served on the board of several financial and civic organizations; was a resident of Jackson, Wyo., until his death on October 20, 2009; remains cremated and interred at St. John's Episcopal Church, Jackson, Wyo."
Rea,John,,"A Representative from Pennsylvania; born at ``Rea's Mansion,'' near Chambersburg, Pa., January 27, 1755; completed preparatory studies; served as lieutenant and captain with the Cumberland County (Pa.) Militia during the Revolutionary War; commissioned the first coroner of Franklin County, Pa., on October 20, 1784; member of the State house of representatives in 1785, 1786, 1789, 1790, 1792, 1793, 1801, and 1802; county auditor in 1793 and 1794; elected as a Republican to the Eighth and to the three succeeding Congresses (March 4, 1803-March 3, 1811); was an unsuccessful candidate for reelection in 1810 to the Twelfth Congress; served in the War of 1812 as major general of the Eleventh Division of Militia; elected to the Thirteenth Congress to fill the vacancy caused by the death of Robert Whitehill and served from May 11, 1813, to March 3, 1815; member of the State senate in 1823 and 1824, when he resigned; died in Chambersburg, Franklin County, Pa., February 26, 1829; interment in Rocky Spring Churchyard, near Chambersburg, Pa."
Clarke,Marian,Williams,"A Representative from New York; born at Standing Stone, Bradford County, Pa., July 29, 1880; moved with her parents to Cheyenne, Wyo., in 1881; attended the public schools and spent one year in the art school of the University of Nebraska at Lincoln; was graduated from Colorado College at Colorado Springs in 1902; resided in seven different States from 1881 to 1918; moved to Delaware County, N.Y., in 1918 and settled on a farm near Fraser; elected as a Republican to the Seventy-third Congress to fill the vacancy caused by the death of her husband, John Davenport Clarke, and served from December 28, 1933, to January 3, 1935; was a candidate for renomination in 1934 to the Seventy-fourth Congress, but withdrew her name before the primary election; returned to her farm, ``Arbor Hill,'' near Delhi, N.Y., where she resided until 1950; died in Cooperstown, N.Y., April 8, 1953; interment in Locust Hill Cemetery, Hobart, N.Y."
Walworth,Reuben,Hyde,"A Representative from New York; born in Bozrah, Conn., October 26, 1788; moved to New York with his parents, who settled on a farm near Hoosick in 1796; attended the common schools; taught school; studied law; was admitted to the bar in 1809 and commenced practice in Plattsburgh in 1810; master in chancery and circuit judge in 1811; served in the War of 1812; aide-de-camp to Gen. Benjamin Mooers and division judge advocate with rank of colonel; elected to the Seventeenth Congress (March 4, 1821-March 3, 1823); was not a candidate for renomination in 1822; judge of the fourth judicial district of New York 1823-1828; moved to Saratoga Springs, Saratoga County, N.Y., in October 1828; chancellor of the State of New York from 1828 to 1848, when the office of chancellor was abolished; unsuccessful candidate for election as Governor in 1848; appointed as an Associate Justice of the United States Supreme Court by President Tyler in 1844, but was not confirmed by the Senate; died in Saratoga Springs, N.Y., November 27, 1867; interment in Greenridge Cemetery."
Ross,Michael,Avery,"A Representative from Arkansas; born in Texarkana, Miller County, Ark., on August 2, 1961; graduated from Hope High School, Hope, Ark.; B.A., University of Arkansas, Little Rock, Ark., 1987; businessman; staff, office of Lt. Governor of Arkansas, 1985-1989; member of the Arkansas state senate, 1991-2000; elected as a Democrat to the One Hundred Seventh and to the five succeeding Congresses (January 3, 2001-January 3, 2013); was not a candidate for reelection to the One Hundred Thirteenth Congress in 2012."
Young,Todd,,"A Senator and a Representative from Indiana; born in Lancaster, Lancaster County, Pa., August 24, 1972; graduated from Carmel High School, Carmel, Ind., 1990; B.S., United States Naval Academy, Annapolis, Md., 1995; M.B.A., University of Chicago, Chicago, Ill., 2000; M.A., University of London, London, England, 2001; J.D., Robert H. McKinney School of Law, Indiana University, Indianapolis, Ind., 2006; United States Navy, 1990-1991; United States Marine Corps, 1995-2000; staff, United States Senator Richard Lugar of Indiana, 2001-2003; Orange County, Ind., assistant deputy prosecutor, 2007-2010; consultant; lawyer, private practice; elected as a Republican to the One Hundred Twelfth and to the two succeeding Congresses (January 3, 2011-January 3, 2017); was not a candidate for reelection to the House of Representatives but was elected as a Republican to the United States Senate in 2016; reelected in 2022 for the term ending January 3, 2029; chair, National Republican Senatorial Committee (2019-2020)."
Barclay,David,,"A Representative from Pennsylvania; born in Punxsutawney, Jefferson County, Pa., in 1823; attended Washington (now Washington and Jefferson) College, Washington, Pa.; studied law in Pittsburgh; was admitted to the bar and practiced in Punxsutawney, Brookville, and Kittanning, Pa.; one of the editors and publishers of the Pittsburgh Union and Legal Journal 1850-1855; while a resident of Brookville was elected as a Democrat to the Thirty-fourth Congress (March 4, 1855-March 3, 1857); resumed the practice of law; died in Freeport, Armstrong County, Pa., September 10, 1889; interment in Freeport Cemetery."
Gard,Warren,,"A Representative from Ohio; born in Hamilton, Butler County, Ohio, July 2, 1873; attended the public schools and was graduated from the Cincinnati Law School in 1894; was admitted to the bar in 1894 and commenced practice in Hamilton, Ohio; prosecuting attorney of Butler County 1898-1903; judge of the court of common pleas 1907-1912; elected as a Democrat to the Sixty-third and to the three succeeding Congresses (March 4, 1913-March 3, 1921); was not a candidate for renomination in 1920; resumed the practice of law in Hamilton, Ohio, where he died November 1, 1929; interment in Greenwood Cemetery."
Bethune,Lauchlin,,"A Representative from North Carolina; born near Fayetteville, Cumberland County, N.C., April 15, 1785; attended private schools and Lumberton (N.C.) Male Academy; engaged in agricultural pursuits; member of the State senate in 1817, 1818, 1822-1825, and 1827; elected as a Jacksonian to the Twenty-second Congress (March 4, 1831-March 3, 1833); unsuccessful candidate for reelection to the Twenty-third, Twenty-fourth, and Twenty-fifth Congresses; returned to his plantation near Fayetteville, N.C., and continued agricultural pursuits until his death on October 10, 1874; interment in the Presbyterian Cemetery, Aberdeen, Moore County, N.C."
Clay,William,Lacy,"(Father of William Lacy Clay, Jr.), a Representative from Missouri; born in St. Louis, St. Louis County, Mo., April 30, 1931; B.S., St. Louis University, 1953; United States Army, 1953-1955; real estate broker; manager, life insurance company, 1959-1961; alderman, St. Louis, Mo., 1959-1964; business representative, city employees union, 1961-1964; education coordinator, Steamfitters Local No. 562, 1966-1967; elected as a Democrat to the Ninety-first and to the fifteen succeeding Congresses (January 3, 1969-January 3, 2001); chairman, Committee on the Post Office and Civil Service (One Hundred Second and One Hundred Third Congresses); was not a candidate for reelection to the One Hundred Seventh Congress."
Rariden,James,,"A Representative from Indiana; born near Cynthiana, Harrison County, Ky., February 14, 1795; received a limited schooling; moved to Brookville, Ind., and thence to Salisbury; deputy clerk of court; studied law; was admitted to the bar in 1818 and began practice in Centerville, Ind., in 1820; prosecuting attorney 1822-1825; served in the State senate in 1823; member of the State house of representatives in 1829, 1830, 1832, and 1833; elected as a Whig to the Twenty-fifth and Twenty-sixth Congresses (March 4, 1837-March 3, 1841); moved to Cambridge City, Ind., in 1846; delegate to the State constitutional convention in 1850; died in Cambridge City, Wayne County, Ind., October 20, 1856; interment in Riverside Cemetery."
Carpenter,Terry,McGovern,"A Representative from Nebraska; born in Cedar Rapids, Linn County, Iowa, March 28, 1900; attended the public schools of Cedar Rapids; moved to Scottsbluff, Nebr., in 1916 and was employed in various positions with a railroad company; was engaged in the wholesale candy and tobacco business in 1922 and 1923; moved to Long Beach, Calif., in 1923 and was employed as manager of the municipal gas and water department; returned to Scottsbluff, Nebr., in 1927 and worked in the garage business and the retail coal business; unsuccessful candidate for mayor in 1931; elected as a Democrat to the Seventy-third Congress (March 4, 1933-January 3, 1935); was not a candidate for renomination in 1934 to the Seventy-fourth Congress; unsuccessful candidate for nomination for Governor in 1934, for election to the United States Senate in 1936, for election for Lieutenant Governor in 1938, for election for Governor in 1940, for nomination to the United States Senate in 1942, for election to the United States Senate in 1948, for nomination for Governor in 1950, for nomination to the United States Senate in 1954, for nomination for Governor in 1960, for nomination to the United States Senate in 1972, and for Lieutenant Governor in 1974; major, United States Air Corps, 1942-1945; changed political affiliation five times; delegate to the Republican National Convention in 1956; served in the State legislature in 1953, 1957-1959, 1963-1974; engaged in operating Terry Carpenter, Inc., in Terrytown, Nebr.; resided in Scottsbluff, Nebr., where he died April 27, 1978; interment in Fairview Cemetery."
Helstoski,Henry,,"A Representative from New Jersey; born in Wallington, Bergen County, N.J., March 21, 1925; attended the Wallington and Rutherford schools; served in the United States Army Air Corps as instructor and radio technician, 1943-1945; attended Paterson State College and graduated from Montclair State Teachers College, B.A., 1947, and M.A., 1949; teacher, high school principal, and superintendent of schools in Bergen County, N.J., 1949-1962; served as councilman of East Rutherford, N.J., in 1956, and as mayor 1957-1965; management consultant in advertising, 1962-1964; elected as a Democrat to the Eighty-ninth and to the five succeeding Congresses (January 3, 1965-January 3, 1977); unsuccessful candidate for reelection as an independent to the Ninety-fifth Congress; unsuccessful candidate for election as an independent in 1978 to the Ninety-sixth Congress and as a Democrat for nomination in 1980 to the Ninety-seventh Congress; superintendent, North Bergen schools, 1981-1985; engaged as a public relations consultant; was a resident of East Rutherford, N.J., until his death in Wayne, N.J., on December 16, 1999."
Smith,George,,"A Representative from Pennsylvania; birth date unknown; elected as a Republican to the Eleventh and Twelfth Congresses (March 4, 1809-March 3, 1813); death date unknown."
Green,Theodore,Francis,"(Grandnephew of Samuel Greene Arnold, great-grandnephew of Tristam Burges, great-grandson of James Burrill, Jr., great-great-grandson of Jonathan Arnold, and great-great-nephew of Lemuel Hastings Arnold), a Senator from Rhode Island; born in Providence, R.I., October 2, 1867; attended private and public schools; graduated from Brown University, Providence, R.I., in 1887; attended Harvard University Law School and the Universities of Bonn and Berlin in Germany; admitted to the bar in 1892 and commenced practice in Providence, R.I.; instructor in Roman law at Brown University, Providence, R.I., 1894-1897; received a commission as lieutenant during the Spanish-American War; chairman of the city plan commission of Providence 1917-1919; member, State house of representatives 1907; unsuccessful Democratic candidate for Governor in 1912 and 1930; unsuccessful candidate for election in 1918 to the Sixty-sixth Congress; Governor of Rhode Island 1933-1936; financially interested in numerous corporations and business enterprises and served as officer and director; elected as a Democrat to the United States Senate in 1936, 1942, 1948, and again in 1954 and served from January 3, 1937, to January 3, 1961; was not a candidate for renomination in 1960; chairman, Committee on Privileges and Elections (Seventy-seventh through Seventy-ninth Congresses), co-chairman, Joint Committee on the Library (Eighty-first and Eighty-second Congresses), chairman, Joint Committee on the Library (Eighty-fourth through Eighty-sixth Congresses), Committee on Rules and Administration (Eighty-fourth Congress), Committee on Foreign Relations (Eighty-fifth and Eighty-sixth Congresses); was ninety-three when he retired, and at the time, the oldest man to serve in Congress; died in Providence, R.I., May 19, 1966; interment in Swan Point Cemetery."
Rose,Charles,Grandison,"A Representative from North Carolina; born in Fayetteville, Cumberland County, N.C., August 10, 1939; attended the public schools; A.B., Davidson (N.C.) College, 1961; LL.B., University of North Carolina Law School, Chapel Hill, 1964; admitted to the North Carolina bar in 1964 and commenced practice in Raleigh; chief district court prosecutor for the Twelfth Judicial District, 1967-1970; elected as a Democrat to the Ninety-third and to the eleven succeeding Congresses (January 3, 1973-January 3, 1997); chairman, Joint Committee on Printing (One Hundred Second Congress), Committee on House Administration (One Hundred Second and One Hundred Third Congresses); was not a candidate for reelection to the One Hundred Fifth Congress; died on September 3, 2012, in Albertville, Ala."
Baker,Robert,,"A Representative from New York; born at Bury St. Edmunds, England, in April 1862; attended the common schools; immigrated to the United States in 1882 and settled in Albany, N.Y.; moved to Brooklyn, N.Y., in 1889; unsuccessful candidate for election to the State assembly in 1894; auditor of New York City in 1902; elected as a Democrat to the Fifty-eighth Congress (March 4, 1903-March 3, 1905); unsuccessful candidate for reelection in 1904 to the Fifty-ninth Congress and for election in 1906 to the Sixtieth Congress; became secretary of the New York City Department of Docks and Ferries in 1906; engaged in stone paving and in the general real-estate business in Brooklyn, N.Y., until his death there on June 15, 1943; interment in Evergreen Cemetery."
Hale,Nathan,Wesley,"A Representative from Tennessee; born near Gate City, Scott County, Va., February 11, 1860; attended the common schools of Nicholasville, Va., and Kingsley Academy near Kingsport, Tenn.; taught school at Hale's Mill, Va., in 1876; moved to Knoxville, Tenn., in 1878 and engaged in the nursery business; also engaged in the wholesale dry goods business, banking, and farming; member of the State house of representatives, 1891-1893; served in the State senate, 1893-1895; unsuccessful candidate for the Republican nomination in 1902 as a Representative to the Fifty-eighth Congress; elected as a Republican to the Fifty-ninth and Sixtieth Congresses (March 4, 1905-March 3, 1909); unsuccessful candidate for reelection in 1908 to the Sixty-first Congress; delegate to the Republican National Convention in 1908; member of the Republican National Committee 1908-1912; moved to Los Angeles, Calif., in 1909 and engaged in the oil and real estate business until his death in Alhambra, Calif., September 16, 1941; interment in Rose Hills Memorial Park, Whittier, Calif."
Boehner,John,Andrew,"A Representative from Ohio; born in Cincinnati, Hamilton County, Ohio, November 17, 1949; graduated from Moeller High School, Cincinnati, Ohio, 1968; B.S., Xavier University, Cincinnati, Ohio, 1977; United States Navy, 1968; businessman; business executive; member of the Union Township, Ohio, board of trustees, 1981, and president, 1984; member of the Ohio state house of representatives, 1985-1990; elected as a Republican to the One Hundred Second and to the twelve succeeding Congresses, and served until his resignation on October 31, 2015 (January 3, 1991-October 31, 2015); House Republican Conference Chairman, 1995-1999; chair, Committee on Education and the Workforce (One Hundred Seventh through One Hundred Ninth Congresses); majority leader (One Hundred Ninth Congress); minority leader (One Hundred Tenth and One Hundred Eleventh Congress); Speaker of the House (One Hundred Twelfth through One Hundred Fourteenth Congresses)."
Scott,Charles,Lewis,"A Representative from California; born in Richmond, Henrico County, Va., January 23, 1827; attended the public schools and Richmond Academy and was graduated from the College of William and Mary, Williamsburg, Va., in 1846; studied law; was admitted to the bar in 1847 and commenced practice in Richmond, Va.; moved to California in 1849 and engaged in gold mining; resumed the practice of his profession in Sonora, Calif., in 1851; member of the State assembly 1854-1856; elected as a Democrat to the Thirty-fifth and Thirty-sixth Congresses (March 4, 1857-March 3, 1861); was not a candidate for reelection; during the Civil War served as a major in the Fourth Regiment, Alabama Volunteer Infantry, of the Confederate Army; after the war engaged in agricultural pursuits in Wilcox County, Ala., and from 1869 to 1879 was engaged in journalism; was a delegate to every Democratic National Convention from the end of the Civil War to 1896; appointed by President Cleveland on August 10, 1885, Minister Resident to Venezuela and consul general at Caracas and served until his resignation, effective March 8, 1889; returned to the United States and engaged in agricultural pursuits until his death near Mount Pleasant, Monroe County, Ala., April 30, 1899; interment in the private cemetery of Mrs. Robert G. Scott at Cedar Hill, Ala."
Clingan,William,,"A Delegate from Pennsylvania; born probably near Wagontown, West Colen Township, Chester County, Pa., ca.1721; justice of the peace, Chester County, Pa., 1757-1786; Member of the Continental Congress, 1777-1779; signer of the Articles of Confederation, 1778; president of the Chester County, Pa., courts, 1780-1786; died on May 9, 1790; interment in Upper Octorara Burial Grounds, Chester County, Pa."
Fisher,Hubert,Frederick,"A Representative from Tennessee; born in Milton, Santa Rosa County, Fla., October 6, 1877; attended the common schools and was graduated from the University of Mississippi at Oxford in 1898; took a postgraduate course at Princeton University in 1900 and 1901; studied law; was admitted to the bar in 1904 and commenced practice in Memphis, Tenn.; delegate to the Democratic National Convention in 1912; member of the State senate in 1913 and 1914; United States attorney for the western district of Tennessee 1914-1917; elected as a Democrat to the Sixty-fifth and to the six succeeding Congresses (March 4, 1917-March 3, 1931); was not a candidate for renomination in 1930; due to deafness retired from active legal and political activities and moved to Germantown, Tenn., where he engaged in nursery pursuits; died June 16, 1941, while on a visit in New York City; interment in Old Gray Cemetery, Knoxville, Tenn."
Evans,Hiram,Kinsman,"A Representative from Iowa; born in Walnut Township, Wayne County, Iowa, March 17, 1863; attended the country schools and Seymour and Allerton (Iowa) High Schools; was graduated from the law department of the University of Iowa at Iowa City in 1886; was admitted to the bar in 1886 and commenced practice in Holdrege, Nebr.; moved to Seymour, Iowa, in 1887, and to Corydon, Iowa, in 1889 and continued the practice of law; prosecuting attorney for Wayne County 1891-1895; member of the State house of representatives in 1896 and 1897; member of the board of regents of the University of Iowa 1897-1904; mayor of Corydon 1901-1903; judge of the third judicial district of Iowa from 1904 until 1923, when he resigned; elected as a Republican to the Sixty-eighth Congress to fill the vacancy caused by the resignation of Horace M. Towner and served from June 4, 1923, to March 3, 1925; declined to be a candidate for renomination in 1924; resumed the practice of law in Corydon, Iowa; appointed by the Governor of Iowa as a member of the State board of parole on July 1, 1927, and served to July 1, 1933; died in Corydon, Iowa, July 9, 1941; interment in Corydon Cemetery."
Biggert,Judy,Borg,"A Representative from Illinois; born in Chicago, Cook County, Ill., August 15, 1937; attended New Trier High School, Winnetka, Ill.; B.A., Stanford University, Stanford, Calif., 1959; J.D., Northwestern University School of Law, Evanston, Ill., 1963; clerk to Judge Luther M. Swygert, U.S. Court of Appeals, 7th Circuit, 1963-1964; president, board of education, Hinsdale Township High School district 86, Hinsdale Township, Ill., 1983-1986; member, Illinois state house of representatives, 1993-1998; elected as a Republican to the One Hundred Sixth and to the six succeeding Congresses (January 3, 1999-January 3, 2013); unsuccessful candidate for reelection to the One Hundred Thirteenth Congress in 2012."
Crane,Daniel,Bever,"<p>(Brother of Philip Miller Crane), a Representative from Illinois; born in Chicago, Cook County, Ill., January 10, 1936; attended the public schools of Chicago; A.B., Hillsdale College, Hillsdale, Mich., 1958; D.D.S., Indiana University, Indianapolis, Ind., 1963; graduate work, University of Michigan, 1964-1965; dentist; United States Army, captain, 1967-1970; elected as a Republican to the Ninety-sixth and to the two succeeding Congresses (January 3, 1979-January 3, 1985); censured by the U.S. House of Representatives on July 20, 1983, for personal misconduct with a House Page; unsuccessful candidate for reelection to the Ninety-ninth Congress in 1984; resumed the practice of dentistry; died on May 28, 2019, in Danville, Ill; interment at Rose Hill Cemetery, Hillsboro, Ind.</p>"
Traynor,Philip,Andrew,"A Representative from Delaware; born in Wilmington, New Castle County, Del., May 31, 1874; attended the public schools, Goldey Business College, Wilmington, Del., and the University of Delaware at Newark; was graduated in 1895 from the dental department of the University of Pennsylvania at Philadelphia and commenced the practice of dentistry in Wilmington, Del.; member of the State board of dentistry 1918-1943, serving as chairman of the board since 1922; delegate to the State Democratic convention in 1936; vice president and member of the board of trustees of Ferris Industrial School for Boys 1938-1942; elected as a Democrat to the Seventy-seventh Congress (January 3, 1941-January 3, 1943); unsuccessful candidate for reelection in 1942 to the Seventy-eighth Congress; resumed the practice of his chosen profession; elected as a Democrat to the Seventy-ninth Congress (January 3, 1945-January 3, 1947); unsuccessful candidate for reelection in 1946 to the Eightieth Congress; resumed the practice of dentistry at Wilmington, Del., where he died December 5, 1962; interment in Cathedral Cemetery."
Alford,Mark,,"a Representative from Missouri; born in Baytown, Harris County, Tex., October 4, 1963; graduated from Ross S. Sterling High School, Baytown, Tex., 1982; attended Lee College, Baytown, Tex.; attended Southwest Texas State College, San Marcos, Tex.; attended University of Texas, Austin, Tex.; television news anchor; realtor; business owner; elected as a Republican to the One Hundred Eighteenth Congress (January 3, 2023-present)."
Bruce,Phineas,,"A Representative from Massachusetts; born in Mendon, Mass., June 7, 1762; received a classical education and was graduated from Yale College in 1786; studied law; was admitted to the bar in 1790 and commenced practice in Machias, Maine (then a district of Massachusetts); member of the Massachusetts house of representatives 1791-1798 and in 1800; elected as a Federalist to the Eighth Congress commencing March 4, 1803, but was prevented by illness from qualifying; died in Uxbridge, Mass., October 4, 1809; interment in the Old Burying Ground; reinterment in Prospect Hill Cemetery."
Hulburd,Calvin,Tilden,"A Representative from New York; born in Stockholm, St. Lawrence County, N.Y., June 5, 1809; completed preparatory studies; was graduated from Middlebury College, Vermont; attended Yale College Law School; was admitted to the bar in 1833; member of the New York assembly 1842-1844 and in 1862; elected as a Republican to the Thirty-eighth, Thirty-ninth, and Fortieth Congresses (March 4, 1863-March 3, 1869); chairman, Committee on Public Expenditures (Thirty-eighth through Fortieth Congresses); superintendent of construction of the New York post office; died in Brasher Falls, N.Y., on October 25, 1897; interment in Fairview Cemetery."
Dietz,William,,"A Representative from New York; born in Schoharie, N.Y., June 28, 1778; attended the district schools; engaged in agricultural pursuits; town clerk in 1804 and 1805; supervisor of Schoharie in 1812; served in the State assembly in 1814, 1815, and 1823; elected as a Jacksonian to the Nineteenth Congress (March 4, 1825-March 3, 1827); member of the State senate 1830-1833; resumed agricultural pursuits; colonel of the militia; died in Schoharie, Schoharie County, N.Y., on August 24, 1848; interment in St. Paul's Lutheran Cemetery."
Stephenson,James,,"A Representative from Virginia; born in Gettysburg, Pa., March 20, 1764; moved to Martinsburg, Va. (now West Virginia); volunteer rifleman under General St. Clair in his Indian expedition in 1791; brigade inspector; member of the state house of delegates 1800-1803; elected as a Federalist to the Eighth Congress (March 4, 1803-March 3, 1805); again a member of the state house of delegates in 1806 and 1807; elected as Federalist to the Eleventh Congress (March 4, 1809-March 3, 1811); elected as a Federalist to the Seventeenth Congress to fill the vacancy caused by the death of Thomas Van Swearingen; reelected as a Crawford Federalist to the Eighteenth Congress and served from October 28, 1822, to March 3, 1825; died in Martinsburg, Va. (now West Virginia), August 7, 1833."
Knox,James,,"A Representative from Illinois; born in Canajoharie, N.Y., July 4, 1807; attended Hamilton College, Clinton, N.Y., and was graduated from Yale College in 1830; studied law; was admitted to the bar in 1833 and commenced practice in Utica, N.Y.; moved to Illinois in 1836 and settled in Knoxville, Knox County; continued the practice of law; also engaged in agricultural pursuits; delegate to the State constitutional convention in 1847; elected as a Whig to the Thirty-third Congress and reelected as an Opposition Party candidate to the Thirty-fourth Congress (March 4, 1853-March 3, 1857); chairman, Committee on Roads and Canals (Thirty-fourth Congress); continued the practice of law until his death in Knoxville, Ill., October 8, 1876; interment in City Cemetery."
Abbott,Josiah,Gardner,"A Representative from Massachusetts; born in Chelmsford, Middlesex County, Mass., November 1, 1814; attended the Chelmsford Academy, Concord, Mass.; graduated from Harvard University, Cambridge, Mass., 1832; LL.D., Williams College, Williamstown, Mass., 1862, teacher; lawyer, private practice; member of the Massachusetts state house of representatives, 1836; member of the Massachusetts state senate, 1841-1842; aide to Massachusetts Governor Marcus Morton, 1843; master in chancery, 1850-1855; member of the Massachusetts state constitutional convention, 1853; justice of the superior court, Suffolk County, Mass., 1855-1858; overseer of Harvard University, Cambridge, Mass., 1859-1865; several times was the unsuccessful Democratic candidate for United States Senator; declined an appointment to the supreme court bench in 1860; declined the Democratic nomination for attorney general in 1861; successfully contested as a Democrat the election of Rufus S. Frost to the Forty-fourth Congress (July 28, 1876-March 3, 1877); was not a candidate for renomination in 1876; member of the Electoral Commission created by the act of Congress approved January 29, 1877, to decide the presidential election of 1876; died on June 2, 1891, in Wellesley Hills, near Boston, Mass.; interment in St. Mary's Cemetery, Newton Lower Falls, Mass."
Tallmadge,Benjamin,,"A Representative from Connecticut; born in Brookhaven, Long Island, N.Y., February 25, 1754; moved to Litchfield, Conn., in 1783; was graduated from Yale College in 1773; superintendent of Wethersfield High School 1773-1776; commissioned lieutenant in the Continental Line June 20, 1776; promoted to captain of dragoons December 15, 1776, major April 7, 1777, and colonel September 5, 1779; was appointed postmaster at Litchfield, Conn., in 1792; first president of the Phoenix Branch Bank; treasurer and later president of the Society of the Cincinnati; elected as a Federalist to the Seventh and to the seven succeeding Congresses (March 4, 1801-March 3, 1817); declined to be a candidate for renomination; engaged in mercantile pursuits and was an importer; also interested in banking; died in Litchfield, Conn., March 7, 1835; interment in the East Cemetery."
Sullivan,Maurice,Joseph,"A Representative from Nevada; born in San Rafael, Marin County, Calif., December 7, 1884; attended the parochial school and Sacred Heart College, San Francisco, Calif.; Lieutenant Governor of Nevada 1915-1926 and 1939-1942; during the First World War was adjutant general of Nevada, disbursing officer of the United States Government, and draft executive of Nevada; colonel in the United States Army 1922-1932; was admitted to the bar in 1923 and commenced practice in Carson City, Nev.; also a mining operator; principal owner of the Wood-Sullivan Hardware Co.; elected as a Democrat to the Seventy-eighth Congress (January 3, 1943-January 3, 1945); unsuccessful candidate for renomination in 1944; resumed the practice of law in Reno, Nev., until his death there August 9, 1953; interment in Mater Dolorosa Cemetery."
Degetau,Federico,,"A Resident Commissioner from Puerto Rico; born in Ponce, P.R., December 5, 1862; attended the common schools and Central College of Ponce; completed an academic course at Barcelona, Spain, and was graduated from the law department of Central University of Madrid; was admitted to the bar and commenced practice in Madrid, Spain; returned to Puerto Rico; one of the four commissioners sent by Puerto Rico to ask Spain for autonomy; settled in San Juan and continued the practice of law; member of the municipal council of San Juan in 1897; mayor of San Juan in 1898; deputy to the Spanish Cortes of 1898; appointed by General Henry secretary of the interior of the first American cabinet that was formed in Puerto Rico in 1899; appointed by General Davis a member of the insular board of charities; writer and author; first vice president of the municipal council of San Juan in 1899 and 1900; president of the board of education of San Juan in 1900 and 1901; elected as a Puerto Rican Republican a Resident Commissioner to the United States in 1900; reelected in 1902, and served from March 4, 1901, until March 3, 1905; was not a candidate for renomination in 1904; resumed the practice of law; died in Santurce, Puerto Rico, January 20, 1914; interment in the Cemetery of San Juan."
Keefe,Frank,Bateman,"A Representative from Wisconsin; born in Winneconne, Winnebago County, Wis., September 23, 1887; attended the public schools; was graduated from Oshkosh (Wis.) State Normal School in 1906 and from the law department of the University of Michigan at Ann Arbor in 1910; teacher in the schools at Viroqua, Vernon County, Wis., in 1906 and 1907; was admitted to the bar in 1910 and commenced practice in Oshkosh, Wis.; prosecuting attorney of Winnebago County, Wis., 1922-1928; vice president and director of an Oshkosh bank; elected as a Republican to the Seventy-sixth and to the five succeeding Congresses (January 3, 1939-January 3, 1951); was not a candidate for renomination in 1950; resumed the practice of law; died in Neenah, Wis., February 5, 1952; interment in Lakeview Memorial Park, Oshkosh, Wis."
Patterson,Ellis,Ellwood,"A Representative from California; born in Yuba City, Sutter County, Calif., November 28, 1897; attended the public schools; was graduated from the University of California at Berkeley in 1921; during the First World War served as a seaman in the United States Navy in 1917 and 1918; taught school in Colusa County, Calif., 1922-1924; district superintendent of schools of South Monterey County, Calif., 1923-1932; studied law at Stanford University and at the University of California 1931-1936; was admitted to the bar in 1937 and commenced practice in Sacramento and Los Angeles, Calif.; member of the State assembly 1932-1938; Lieutenant Governor 1938-1942; elected as a Democrat to the Seventy-ninth Congress (January 3, 1945-January 3, 1947); did not seek renomination in 1946, but was an unsuccessful candidate for nomination for United States Senator; unsuccessful candidate for election in 1948 to the Eighty-first Congress; resumed the practice of law; was a resident of Los Angeles, Calif., until his death there on August 25, 1985."
Johnson,Hiram,Warren,"(Son of Grove Lawrence Johnson), a Senator from California; born in Sacramento, Calif., September 2, 1866; attended the public schools and the University of California at Berkeley; studied law; admitted to the bar in 1888 and commenced practice in Sacramento; moved to San Francisco in 1902; active in reform politics and assistant district attorney of San Francisco; one of the founders of the Progressive Party in 1912 and nominee for Vice President of the United States on the Progressive ticket in 1912 with Theodore Roosevelt; Governor of California 1911-1917, when he resigned, having previously been elected Senator; elected as a Republican to the United States Senate in 1916 for the term beginning March 4, 1917, but, preferring to continue as Governor, did not assume his senatorial duties until March 16, 1917; reelected in 1922, 1928, 1934 and again in 1940 and served from March 16, 1917, until his death in the naval hospital at Bethesda, Md., August 6, 1945; chairman, Committee on Cuban Relations (Sixty-sixth Congress), Committee on Patents (Sixty-seventh Congress), Committee on Immigration (Sixty-eighth through Seventy-first Congresses), Committee on Territories and Insular Possessions (Sixty-eighth Congress), and Committee on Commerce (Seventy-first and Seventy-second Congresses); interment in Cyprus Lawn Cemetery, San Francisco, Calif."
Myers,Leonard,,"A Representative from Pennsylvania; born in Attleboro (now Langhorne), Bucks County, Pa., on November 13, 1827; attended private academic schools and the University of Pennsylvania at Philadelphia; studied law; was admitted to the bar in 1848 and practiced in Philadelphia, Pa.; held local offices; major of the Ninth Regiment, Pennsylvania Militia, during the emergency service of September 1862; elected as a Republican to the Thirty-eighth, Thirty-ninth, and Fortieth Congresses (March 4, 1863-March 3, 1869); successfully contested the election of John Moffet to the Forty-first Congress; reelected to the Forty-second and Forty-third Congresses and served from April 9, 1869, to March 3, 1875; chairman, Committee on Foreign Affairs (Forty-second Congress), Committee on Patents (Forty-second Congress), Committee on Private Land Claims (Forty-third Congress); unsuccessful candidate for reelection in 1874; resumed the practice of law; died in Philadelphia, Pa., February 11, 1905; interment in De Benneville family cemetery."
Quigley,James,Michael,"A Representative from Pennsylvania; born in Mount Carmel, Northumberland County, Pa., March 30, 1918; attended the parochial schools of Mount Carmel; was graduated from Villanova College in 1939 and from Dickinson School of Law, Carlisle, Pa., in 1942; was admitted to the bar in 1942 and commenced the practice of law in Harrisburg, Pa.; served in the United States Navy 1943-1946, engaged in the Philippine and Okinawa campaigns, and after V-J Day served with the occupation forces in Korea and China; resumed law practice in Harrisburg, Pa.; unsuccessful Democratic candidate for election to the Eighty-second Congress in 1950; elected as a Democrat to the Eighty-fourth Congress (January 3, 1955-January 3, 1957); unsuccessful candidate in 1956 for reelection to the Eighty-fifth Congress; in 1957 became administrative assistant to Senator Joseph S. Clark of Pennsylvania; assistant attorney general, Pennsylvania, 1958; elected to the Eighty-sixth Congress (January 3, 1959-January 3, 1961); unsuccessful candidate for reelection in 1960 to the Eighty-seventh Congress; appointed Assistant Secretary of Health, Education, and Welfare for Federal and State matters on February 24, 1961, serving until January 1966; appointed Commissioner, Federal Water Pollution Control Administration, January 1966-January 1968; vice president, United States Plywood-Champion Papers, Inc., 1968-1986; died on December 15, 2011, in Washington, D.C."
Taylor,Van,,"A Representative from Texas; born in Dallas, Dallas County, Tex., August 1, 1972; graduated from St. Paul's School, Concord, N.H., 1991; A.B., Harvard University, Cambridge, Mass., 1995; M.B.A., Harvard University, Cambridge, Mass., 2001; United States Marine Corps, 1995-1999; United States Marine Corps Reserve, 1999-2005; real estate executive; member of the Texas state house of representatives, 2010-2014; member of the Texas state senate, 2015-2019; unsuccessful candidate for nomination to the One Hundred Tenth Congress in 2006; elected as a Republican to the One Hundred Sixteenth and to the succeeding Congress (January 3, 2019-January 3, 2023); was not a candidate for reelection to the One Hundred Eighteenth Congress in 2022."
Einstein,Edwin,,"A Representative from New York; born in Cincinnati, Ohio, November 18, 1842; moved with his parents to New York City in 1846; worked as clerk in a store; received a collegiate training in the College of the City of New York, and entered Union College, but did not graduate; engaged in mercantile pursuits; elected as a Republican to the Forty-sixth Congress (March 4, 1879-March 3, 1881); was not a candidate for renomination in 1880; unsuccessful Republican candidate for mayor of New York City in 1892; dock commissioner of New York City in 1895; was prominently identified with a number of investment companies and woolen factories; died in New York City January 24, 1905; interment in Shearith Israel Cemetery, Brooklyn, N.Y."
